<enemy>
    <x>40.000000000</x>
    <y>-40.000000000</y>
    <type>1</type>
    <size>46.000000000</size>
</enemy>
<enemy>
    <x>280.000000000</x>
    <y>-40.000000000</y>
    <size>46.000000000</size>
</enemy>
<enemy>
    <x>260.000000000</x>
    <y>-140.000000000</y>
    <size>61.000000000</size>
</enemy>
<enemy>
    <x>60.000000000</x>
    <y>-140.000000000</y>
    <size>61.000000000</size>
</enemy>
<enemy>
    <x>160.000000000</x>
    <y>-350.000000000</y>
    <size>69.000000000</size>
</enemy>
<enemy>
    <x>160.000000000</x>
    <y>-490.000000000</y>
    <size>70.000000000</size>
</enemy>
<enemy>
    <x>30.000000000</x>
    <y>-620.000000000</y>
    <size>35.000000000</size>
</enemy>
<enemy>
    <x>290.000000000</x>
    <y>-620.000000000</y>
    <size>35.000000000</size>
</enemy>
<enemy>
    <x>50.000000000</x>
    <y>-760.000000000</y>
    <size>69.000000000</size>
</enemy>
<enemy>
    <x>280.000000000</x>
    <y>-760.000000000</y>
    <size>69.000000000</size>
</enemy>
<enemy>
    <x>170.000000000</x>
    <y>-950.000000000</y>
    <size>64.000000000</size>
</enemy>
<enemy>
    <x>0.000000000</x>
    <y>-940.000000000</y>
    <size>49.000000000</size>
</enemy>
<enemy>
    <x>340.000000000</x>
    <y>-940.000000000</y>
    <size>49.000000000</size>
</enemy>
<collectable>
    <x>130.000000000</x>
    <y>-70.000000000</y>
    <type>1</type>
    <size>61.000000000</size>
</collectable>
<collectable>
    <x>130.000000000</x>
    <y>-170.000000000</y>
    <size>61.000000000</size>
</collectable>
<collectable>
    <x>90.000000000</x>
    <y>-260.000000000</y>
    <size>47.000000000</size>
</collectable>
<collectable>
    <x>190.000000000</x>
    <y>-260.000000000</y>
    <size>47.000000000</size>
</collectable>
<collectable>
    <x>20.000000000</x>
    <y>-340.000000000</y>
    <size>49.000000000</size>
</collectable>
<collectable>
    <x>250.000000000</x>
    <y>-340.000000000</y>
    <size>49.000000000</size>
</collectable>
<collectable>
    <x>250.000000000</x>
    <y>-470.000000000</y>
    <size>49.000000000</size>
</collectable>
<collectable>
    <x>20.000000000</x>
    <y>-470.000000000</y>
    <size>49.000000000</size>
</collectable>
<collectable>
    <x>240.000000000</x>
    <y>-570.000000000</y>
    <size>35.000000000</size>
</collectable>
<collectable>
    <x>50.000000000</x>
    <y>-570.000000000</y>
    <size>35.000000000</size>
</collectable>
<collectable>
    <x>130.000000000</x>
    <y>-650.000000000</y>
    <size>59.000000000</size>
</collectable>
<collectable>
    <x>140.000000000</x>
    <y>-750.000000000</y>
    <size>53.000000000</size>
</collectable>
<collectable>
    <x>140.000000000</x>
    <y>-860.000000000</y>
    <size>53.000000000</size>
</collectable>
<collectable>
    <x>240.000000000</x>
    <y>-910.000000000</y>
    <size>43.000000000</size>
</collectable>
<collectable>
    <x>60.000000000</x>
    <y>-910.000000000</y>
    <size>43.000000000</size>
</collectable>
