<level>
    <name>New Level</name>
    <speed>1</speed>
</level>
<enemy>
    <x>80.000000000</x>
    <y>-140.000000000</y>
    <type>1</type>
    <size>80.000000000</size>
</enemy>
<enemy>
    <x>240.000000000</x>
    <y>-320.000000000</y>
    <size>80.000000000</size>
</enemy>
<enemy>
    <x>80.000000000</x>
    <y>-490.000000000</y>
    <size>80.000000000</size>
</enemy>
<enemy>
    <x>200.000000000</x>
    <y>-580.000000000</y>
    <size>50.000000000</size>
</enemy>
<enemy>
    <x>240.000000000</x>
    <y>-820.000000000</y>
    <size>80.000000000</size>
</enemy>
<enemy>
    <x>130.000000000</x>
    <y>-920.000000000</y>
    <size>50.000000000</size>
</enemy>
<collectable>
    <x>290.000000000</x>
    <y>-750.000000000</y>
    <type>1</type>
    <size>30.000000000</size>
</collectable>
<collectable>
    <x>290.000000000</x>
    <y>-920.000000000</y>
    <size>30.000000000</size>
</collectable>
<collectable>
    <x>110.000000000</x>
    <y>-600.000000000</y>
    <size>30.000000000</size>
</collectable>
<collectable>
    <x>0.000000000</x>
    <y>-420.000000000</y>
    <size>30.000000000</size>
</collectable>
