<level>
    <name>New Level</name>
    <speed>1</speed>
</level>
<enemy>
    <x>160.000000000</x>
    <y>-110.000000000</y>
    <type>1</type>
    <size>20.000000000</size>
</enemy>
<enemy>
    <x>160.000000000</x>
    <y>-60.000000000</y>
    <size>20.000000000</size>
</enemy>
<enemy>
    <x>160.000000000</x>
    <y>-10.000000000</y>
    <size>20.000000000</size>
</enemy>
<enemy>
    <x>70.000000000</x>
    <y>-150.000000000</y>
    <size>20.000000000</size>
</enemy>
<enemy>
    <x>30.000000000</x>
    <y>-150.000000000</y>
    <size>20.000000000</size>
</enemy>
<enemy>
    <x>30.000000000</x>
    <y>-190.000000000</y>
    <size>20.000000000</size>
</enemy>
<enemy>
    <x>70.000000000</x>
    <y>-190.000000000</y>
    <size>20.000000000</size>
</enemy>
<enemy>
    <x>70.000000000</x>
    <y>-230.000000000</y>
    <size>20.000000000</size>
</enemy>
<enemy>
    <x>30.000000000</x>
    <y>-230.000000000</y>
    <size>20.000000000</size>
</enemy>
<enemy>
    <x>240.000000000</x>
    <y>-230.000000000</y>
    <size>20.000000000</size>
</enemy>
<enemy>
    <x>240.000000000</x>
    <y>-190.000000000</y>
    <size>20.000000000</size>
</enemy>
<enemy>
    <x>240.000000000</x>
    <y>-150.000000000</y>
    <size>20.000000000</size>
</enemy>
<enemy>
    <x>280.000000000</x>
    <y>-150.000000000</y>
    <size>20.000000000</size>
</enemy>
<enemy>
    <x>280.000000000</x>
    <y>-190.000000000</y>
    <size>20.000000000</size>
</enemy>
<enemy>
    <x>280.000000000</x>
    <y>-230.000000000</y>
    <size>20.000000000</size>
</enemy>
<enemy>
    <x>160.000000000</x>
    <y>-280.000000000</y>
    <size>20.000000000</size>
</enemy>
<enemy>
    <x>160.000000000</x>
    <y>-320.000000000</y>
    <size>20.000000000</size>
</enemy>
<enemy>
    <x>160.000000000</x>
    <y>-360.000000000</y>
    <size>20.000000000</size>
</enemy>
<enemy>
    <x>80.000000000</x>
    <y>-410.000000000</y>
    <size>20.000000000</size>
</enemy>
<enemy>
    <x>40.000000000</x>
    <y>-410.000000000</y>
    <size>20.000000000</size>
</enemy>
<enemy>
    <x>40.000000000</x>
    <y>-450.000000000</y>
    <size>20.000000000</size>
</enemy>
<enemy>
    <x>80.000000000</x>
    <y>-450.000000000</y>
    <size>20.000000000</size>
</enemy>
<enemy>
    <x>80.000000000</x>
    <y>-490.000000000</y>
    <size>20.000000000</size>
</enemy>
<enemy>
    <x>40.000000000</x>
    <y>-490.000000000</y>
    <size>20.000000000</size>
</enemy>
<enemy>
    <x>250.000000000</x>
    <y>-490.000000000</y>
    <size>20.000000000</size>
</enemy>
<enemy>
    <x>250.000000000</x>
    <y>-450.000000000</y>
    <size>20.000000000</size>
</enemy>
<enemy>
    <x>250.000000000</x>
    <y>-410.000000000</y>
    <size>20.000000000</size>
</enemy>
<enemy>
    <x>290.000000000</x>
    <y>-410.000000000</y>
    <size>20.000000000</size>
</enemy>
<enemy>
    <x>290.000000000</x>
    <y>-450.000000000</y>
    <size>20.000000000</size>
</enemy>
<enemy>
    <x>290.000000000</x>
    <y>-490.000000000</y>
    <size>20.000000000</size>
</enemy>
<collectable>
    <x>20.000000000</x>
    <y>-120.000000000</y>
    <type>1</type>
    <size>110.000000000</size>
</collectable>
<collectable>
    <x>190.000000000</x>
    <y>-120.000000000</y>
    <size>110.000000000</size>
</collectable>
<collectable>
    <x>100.000000000</x>
    <y>-250.000000000</y>
    <size>110.000000000</size>
</collectable>
<collectable>
    <x>20.000000000</x>
    <y>-380.000000000</y>
    <size>110.000000000</size>
</collectable>
<collectable>
    <x>190.000000000</x>
    <y>-380.000000000</y>
    <size>110.000000000</size>
</collectable>
<collectable>
    <x>110.000000000</x>
    <y>-510.000000000</y>
    <size>110.000000000</size>
</collectable>
