<level>
    <name>New Level</name>
    <speed>1</speed>
</level>
<enemy>
    <x>80.000000000</x>
    <y>-290.000000000</y>
    <type>1</type>
    <size>70.000000000</size>
</enemy>
<enemy>
    <x>80.000000000</x>
    <y>-150.000000000</y>
    <size>60.000000000</size>
</enemy>
<enemy>
    <x>80.000000000</x>
    <y>-30.000000000</y>
    <size>50.000000000</size>
</enemy>
<enemy>
    <x>260.000000000</x>
    <y>-150.000000000</y>
    <size>50.000000000</size>
</enemy>
<enemy>
    <x>260.000000000</x>
    <y>-270.000000000</y>
    <size>60.000000000</size>
</enemy>
<enemy>
    <x>260.000000000</x>
    <y>-410.000000000</y>
    <size>70.000000000</size>
</enemy>
<enemy>
    <x>260.000000000</x>
    <y>-50.000000000</y>
    <size>40.000000000</size>
</enemy>
<enemy>
    <x>80.000000000</x>
    <y>-420.000000000</y>
    <size>50.000000000</size>
</enemy>
<enemy>
    <x>80.000000000</x>
    <y>-520.000000000</y>
    <size>40.000000000</size>
</enemy>
<enemy>
    <x>260.000000000</x>
    <y>-540.000000000</y>
    <size>50.000000000</size>
</enemy>
<enemy>
    <x>260.000000000</x>
    <y>-640.000000000</y>
    <size>40.000000000</size>
</enemy>
<enemy>
    <x>260.000000000</x>
    <y>-720.000000000</y>
    <size>30.000000000</size>
</enemy>
<enemy>
    <x>80.000000000</x>
    <y>-600.000000000</y>
    <size>30.000000000</size>
</enemy>
<enemy>
    <x>80.000000000</x>
    <y>-670.000000000</y>
    <size>20.000000000</size>
</enemy>
<enemy>
    <x>80.000000000</x>
    <y>-710.000000000</y>
    <size>10.000000000</size>
</enemy>
<enemy>
    <x>260.000000000</x>
    <y>-780.000000000</y>
    <size>20.000000000</size>
</enemy>
<enemy>
    <x>260.000000000</x>
    <y>-820.000000000</y>
    <size>10.000000000</size>
</enemy>
<enemy>
    <x>160.000000000</x>
    <y>-820.000000000</y>
    <size>10.000000000</size>
</enemy>
<enemy>
    <x>160.000000000</x>
    <y>-860.000000000</y>
    <size>20.000000000</size>
</enemy>
<enemy>
    <x>160.000000000</x>
    <y>-920.000000000</y>
    <size>30.000000000</size>
</enemy>
<enemy>
    <x>160.000000000</x>
    <y>-1000.000000000</y>
    <size>40.000000000</size>
</enemy>
<enemy>
    <x>160.000000000</x>
    <y>-1100.000000000</y>
    <size>50.000000000</size>
</enemy>
<enemy>
    <x>160.000000000</x>
    <y>-1220.000000000</y>
    <size>60.000000000</size>
</enemy>
<enemy>
    <x>10.000000000</x>
    <y>-1280.000000000</y>
    <size>10.000000000</size>
</enemy>
<enemy>
    <x>10.000000000</x>
    <y>-1320.000000000</y>
    <size>20.000000000</size>
</enemy>
<enemy>
    <x>10.000000000</x>
    <y>-1380.000000000</y>
    <size>30.000000000</size>
</enemy>
<enemy>
    <x>10.000000000</x>
    <y>-1460.000000000</y>
    <size>40.000000000</size>
</enemy>
<enemy>
    <x>10.000000000</x>
    <y>-1560.000000000</y>
    <size>50.000000000</size>
</enemy>
<enemy>
    <x>170.000000000</x>
    <y>-1460.000000000</y>
    <size>10.000000000</size>
</enemy>
<enemy>
    <x>210.000000000</x>
    <y>-1460.000000000</y>
    <size>20.000000000</size>
</enemy>
<enemy>
    <x>270.000000000</x>
    <y>-1460.000000000</y>
    <size>30.000000000</size>
</enemy>
<enemy>
    <x>270.000000000</x>
    <y>-1530.000000000</y>
    <size>20.000000000</size>
</enemy>
<enemy>
    <x>230.000000000</x>
    <y>-1530.000000000</y>
    <size>10.000000000</size>
</enemy>
<enemy>
    <x>270.000000000</x>
    <y>-1580.000000000</y>
    <size>10.000000000</size>
</enemy>
<enemy>
    <x>270.000000000</x>
    <y>-1390.000000000</y>
    <size>20.000000000</size>
</enemy>
<enemy>
    <x>230.000000000</x>
    <y>-1390.000000000</y>
    <size>10.000000000</size>
</enemy>
<enemy>
    <x>270.000000000</x>
    <y>-1350.000000000</y>
    <size>10.000000000</size>
</enemy>
<enemy>
    <x>310.000000000</x>
    <y>-1390.000000000</y>
    <size>10.000000000</size>
</enemy>
<enemy>
    <x>310.000000000</x>
    <y>-1530.000000000</y>
    <size>10.000000000</size>
</enemy>
<enemy>
    <x>330.000000000</x>
    <y>-1460.000000000</y>
    <size>20.000000000</size>
</enemy>
<collectable>
    <x>220.000000000</x>
    <y>-1430.000000000</y>
    <type>1</type>
    <size>20.000000000</size>
</collectable>
<collectable>
    <x>220.000000000</x>
    <y>-1510.000000000</y>
    <size>20.000000000</size>
</collectable>
<collectable>
    <x>300.000000000</x>
    <y>-1510.000000000</y>
    <size>20.000000000</size>
</collectable>
<collectable>
    <x>300.000000000</x>
    <y>-1430.000000000</y>
    <size>20.000000000</size>
</collectable>
<collectable>
    <x>240.000000000</x>
    <y>-1560.000000000</y>
    <size>10.000000000</size>
</collectable>
<collectable>
    <x>290.000000000</x>
    <y>-1560.000000000</y>
    <size>10.000000000</size>
</collectable>
<collectable>
    <x>290.000000000</x>
    <y>-1370.000000000</y>
    <size>10.000000000</size>
</collectable>
<collectable>
    <x>240.000000000</x>
    <y>-1370.000000000</y>
    <size>10.000000000</size>
</collectable>
<collectable>
    <x>110.000000000</x>
    <y>-1160.000000000</y>
    <size>10.000000000</size>
</collectable>
<collectable>
    <x>200.000000000</x>
    <y>-1160.000000000</y>
    <size>10.000000000</size>
</collectable>
<collectable>
    <x>200.000000000</x>
    <y>-1050.000000000</y>
    <size>10.000000000</size>
</collectable>
<collectable>
    <x>110.000000000</x>
    <y>-1050.000000000</y>
    <size>10.000000000</size>
</collectable>
