<level>
    <name>New Level</name>
    <speed>1</speed>
</level>
<enemy>
    <x>20.000000000</x>
    <y>-280.000000000</y>
    <type>1</type>
    <size>10.000000000</size>
</enemy>
<enemy>
    <x>40.000000000</x>
    <y>-280.000000000</y>
    <size>10.000000000</size>
</enemy>
<enemy>
    <x>60.000000000</x>
    <y>-280.000000000</y>
    <size>10.000000000</size>
</enemy>
<enemy>
    <x>80.000000000</x>
    <y>-280.000000000</y>
    <size>10.000000000</size>
</enemy>
<enemy>
    <x>100.000000000</x>
    <y>-260.000000000</y>
    <size>10.000000000</size>
</enemy>
<enemy>
    <x>100.000000000</x>
    <y>-190.000000000</y>
    <size>10.000000000</size>
</enemy>
<enemy>
    <x>80.000000000</x>
    <y>-190.000000000</y>
    <size>10.000000000</size>
</enemy>
<enemy>
    <x>60.000000000</x>
    <y>-190.000000000</y>
    <size>10.000000000</size>
</enemy>
<enemy>
    <x>40.000000000</x>
    <y>-190.000000000</y>
    <size>10.000000000</size>
</enemy>
<enemy>
    <x>20.000000000</x>
    <y>-190.000000000</y>
    <size>10.000000000</size>
</enemy>
<enemy>
    <x>230.000000000</x>
    <y>-270.000000000</y>
    <size>10.000000000</size>
</enemy>
<enemy>
    <x>250.000000000</x>
    <y>-270.000000000</y>
    <size>10.000000000</size>
</enemy>
<enemy>
    <x>270.000000000</x>
    <y>-290.000000000</y>
    <size>10.000000000</size>
</enemy>
<enemy>
    <x>290.000000000</x>
    <y>-290.000000000</y>
    <size>10.000000000</size>
</enemy>
<enemy>
    <x>310.000000000</x>
    <y>-290.000000000</y>
    <size>10.000000000</size>
</enemy>
<enemy>
    <x>220.000000000</x>
    <y>-350.000000000</y>
    <size>10.000000000</size>
</enemy>
<enemy>
    <x>240.000000000</x>
    <y>-350.000000000</y>
    <size>10.000000000</size>
</enemy>
<enemy>
    <x>260.000000000</x>
    <y>-370.000000000</y>
    <size>10.000000000</size>
</enemy>
<enemy>
    <x>280.000000000</x>
    <y>-370.000000000</y>
    <size>10.000000000</size>
</enemy>
<enemy>
    <x>300.000000000</x>
    <y>-370.000000000</y>
    <size>10.000000000</size>
</enemy>
<enemy>
    <x>140.000000000</x>
    <y>-350.000000000</y>
    <size>10.000000000</size>
</enemy>
<enemy>
    <x>10.000000000</x>
    <y>-390.000000000</y>
    <size>10.000000000</size>
</enemy>
<enemy>
    <x>30.000000000</x>
    <y>-390.000000000</y>
    <size>10.000000000</size>
</enemy>
<enemy>
    <x>60.000000000</x>
    <y>-390.000000000</y>
    <size>20.000000000</size>
</enemy>
<enemy>
    <x>90.000000000</x>
    <y>-390.000000000</y>
    <size>10.000000000</size>
</enemy>
<enemy>
    <x>110.000000000</x>
    <y>-390.000000000</y>
    <size>10.000000000</size>
</enemy>
<enemy>
    <x>110.000000000</x>
    <y>-410.000000000</y>
    <size>10.000000000</size>
</enemy>
<enemy>
    <x>110.000000000</x>
    <y>-430.000000000</y>
    <size>10.000000000</size>
</enemy>
<enemy>
    <x>110.000000000</x>
    <y>-460.000000000</y>
    <size>20.000000000</size>
</enemy>
<enemy>
    <x>110.000000000</x>
    <y>-490.000000000</y>
    <size>10.000000000</size>
</enemy>
<enemy>
    <x>110.000000000</x>
    <y>-510.000000000</y>
    <size>10.000000000</size>
</enemy>
<enemy>
    <x>110.000000000</x>
    <y>-540.000000000</y>
    <size>20.000000000</size>
</enemy>
<enemy>
    <x>110.000000000</x>
    <y>-570.000000000</y>
    <size>10.000000000</size>
</enemy>
<enemy>
    <x>110.000000000</x>
    <y>-590.000000000</y>
    <size>10.000000000</size>
</enemy>
<enemy>
    <x>60.000000000</x>
    <y>-820.000000000</y>
    <size>10.000000000</size>
</enemy>
<enemy>
    <x>80.000000000</x>
    <y>-800.000000000</y>
    <size>10.000000000</size>
</enemy>
<enemy>
    <x>100.000000000</x>
    <y>-780.000000000</y>
    <size>10.000000000</size>
</enemy>
<enemy>
    <x>120.000000000</x>
    <y>-760.000000000</y>
    <size>10.000000000</size>
</enemy>
<enemy>
    <x>140.000000000</x>
    <y>-740.000000000</y>
    <size>10.000000000</size>
</enemy>
<enemy>
    <x>200.000000000</x>
    <y>-680.000000000</y>
    <size>10.000000000</size>
</enemy>
<enemy>
    <x>220.000000000</x>
    <y>-660.000000000</y>
    <size>10.000000000</size>
</enemy>
<enemy>
    <x>240.000000000</x>
    <y>-640.000000000</y>
    <size>10.000000000</size>
</enemy>
<enemy>
    <x>260.000000000</x>
    <y>-620.000000000</y>
    <size>10.000000000</size>
</enemy>
<enemy>
    <x>280.000000000</x>
    <y>-600.000000000</y>
    <size>10.000000000</size>
</enemy>
<enemy>
    <x>300.000000000</x>
    <y>-580.000000000</y>
    <size>10.000000000</size>
</enemy>
<enemy>
    <x>240.000000000</x>
    <y>-680.000000000</y>
    <size>10.000000000</size>
</enemy>
<enemy>
    <x>240.000000000</x>
    <y>-710.000000000</y>
    <size>10.000000000</size>
</enemy>
<enemy>
    <x>240.000000000</x>
    <y>-740.000000000</y>
    <size>10.000000000</size>
</enemy>
<enemy>
    <x>240.000000000</x>
    <y>-770.000000000</y>
    <size>10.000000000</size>
</enemy>
<enemy>
    <x>240.000000000</x>
    <y>-800.000000000</y>
    <size>10.000000000</size>
</enemy>
<enemy>
    <x>240.000000000</x>
    <y>-830.000000000</y>
    <size>10.000000000</size>
</enemy>
<enemy>
    <x>130.000000000</x>
    <y>-790.000000000</y>
    <size>10.000000000</size>
</enemy>
<enemy>
    <x>130.000000000</x>
    <y>-820.000000000</y>
    <size>10.000000000</size>
</enemy>
<enemy>
    <x>130.000000000</x>
    <y>-850.000000000</y>
    <size>10.000000000</size>
</enemy>
<enemy>
    <x>130.000000000</x>
    <y>-880.000000000</y>
    <size>10.000000000</size>
</enemy>
<enemy>
    <x>130.000000000</x>
    <y>-910.000000000</y>
    <size>10.000000000</size>
</enemy>
<enemy>
    <x>240.000000000</x>
    <y>-930.000000000</y>
    <size>10.000000000</size>
</enemy>
<enemy>
    <x>270.000000000</x>
    <y>-930.000000000</y>
    <size>10.000000000</size>
</enemy>
<enemy>
    <x>300.000000000</x>
    <y>-930.000000000</y>
    <size>10.000000000</size>
</enemy>
<collectable>
    <x>10.000000000</x>
    <y>-220.000000000</y>
    <type>1</type>
    <size>10.000000000</size>
</collectable>
<collectable>
    <x>20.000000000</x>
    <y>-220.000000000</y>
    <size>10.000000000</size>
</collectable>
<collectable>
    <x>30.000000000</x>
    <y>-220.000000000</y>
    <size>10.000000000</size>
</collectable>
<collectable>
    <x>40.000000000</x>
    <y>-220.000000000</y>
    <size>10.000000000</size>
</collectable>
<collectable>
    <x>50.000000000</x>
    <y>-220.000000000</y>
    <size>10.000000000</size>
</collectable>
<collectable>
    <x>60.000000000</x>
    <y>-220.000000000</y>
    <size>10.000000000</size>
</collectable>
<collectable>
    <x>60.000000000</x>
    <y>-230.000000000</y>
    <size>10.000000000</size>
</collectable>
<collectable>
    <x>50.000000000</x>
    <y>-230.000000000</y>
    <size>10.000000000</size>
</collectable>
<collectable>
    <x>40.000000000</x>
    <y>-230.000000000</y>
    <size>10.000000000</size>
</collectable>
<collectable>
    <x>30.000000000</x>
    <y>-230.000000000</y>
    <size>10.000000000</size>
</collectable>
<collectable>
    <x>20.000000000</x>
    <y>-230.000000000</y>
    <size>10.000000000</size>
</collectable>
<collectable>
    <x>10.000000000</x>
    <y>-230.000000000</y>
    <size>10.000000000</size>
</collectable>
<collectable>
    <x>10.000000000</x>
    <y>-240.000000000</y>
    <size>10.000000000</size>
</collectable>
<collectable>
    <x>20.000000000</x>
    <y>-240.000000000</y>
    <size>10.000000000</size>
</collectable>
<collectable>
    <x>30.000000000</x>
    <y>-240.000000000</y>
    <size>10.000000000</size>
</collectable>
<collectable>
    <x>40.000000000</x>
    <y>-240.000000000</y>
    <size>10.000000000</size>
</collectable>
<collectable>
    <x>50.000000000</x>
    <y>-240.000000000</y>
    <size>10.000000000</size>
</collectable>
<collectable>
    <x>60.000000000</x>
    <y>-240.000000000</y>
    <size>10.000000000</size>
</collectable>
<collectable>
    <x>60.000000000</x>
    <y>-250.000000000</y>
    <size>10.000000000</size>
</collectable>
<collectable>
    <x>50.000000000</x>
    <y>-250.000000000</y>
    <size>10.000000000</size>
</collectable>
<collectable>
    <x>40.000000000</x>
    <y>-250.000000000</y>
    <size>10.000000000</size>
</collectable>
<collectable>
    <x>30.000000000</x>
    <y>-250.000000000</y>
    <size>10.000000000</size>
</collectable>
<collectable>
    <x>20.000000000</x>
    <y>-250.000000000</y>
    <size>10.000000000</size>
</collectable>
<collectable>
    <x>10.000000000</x>
    <y>-250.000000000</y>
    <size>10.000000000</size>
</collectable>
<collectable>
    <x>10.000000000</x>
    <y>-260.000000000</y>
    <size>10.000000000</size>
</collectable>
<collectable>
    <x>20.000000000</x>
    <y>-260.000000000</y>
    <size>10.000000000</size>
</collectable>
<collectable>
    <x>30.000000000</x>
    <y>-260.000000000</y>
    <size>10.000000000</size>
</collectable>
<collectable>
    <x>40.000000000</x>
    <y>-260.000000000</y>
    <size>10.000000000</size>
</collectable>
<collectable>
    <x>50.000000000</x>
    <y>-260.000000000</y>
    <size>10.000000000</size>
</collectable>
<collectable>
    <x>60.000000000</x>
    <y>-260.000000000</y>
    <size>10.000000000</size>
</collectable>
<collectable>
    <x>300.000000000</x>
    <y>-320.000000000</y>
    <size>10.000000000</size>
</collectable>
<collectable>
    <x>290.000000000</x>
    <y>-320.000000000</y>
    <size>10.000000000</size>
</collectable>
<collectable>
    <x>280.000000000</x>
    <y>-320.000000000</y>
    <size>10.000000000</size>
</collectable>
<collectable>
    <x>270.000000000</x>
    <y>-320.000000000</y>
    <size>10.000000000</size>
</collectable>
<collectable>
    <x>260.000000000</x>
    <y>-320.000000000</y>
    <size>10.000000000</size>
</collectable>
<collectable>
    <x>250.000000000</x>
    <y>-320.000000000</y>
    <size>10.000000000</size>
</collectable>
<collectable>
    <x>250.000000000</x>
    <y>-330.000000000</y>
    <size>10.000000000</size>
</collectable>
<collectable>
    <x>250.000000000</x>
    <y>-340.000000000</y>
    <size>10.000000000</size>
</collectable>
<collectable>
    <x>260.000000000</x>
    <y>-340.000000000</y>
    <size>10.000000000</size>
</collectable>
<collectable>
    <x>260.000000000</x>
    <y>-330.000000000</y>
    <size>10.000000000</size>
</collectable>
<collectable>
    <x>270.000000000</x>
    <y>-330.000000000</y>
    <size>10.000000000</size>
</collectable>
<collectable>
    <x>270.000000000</x>
    <y>-340.000000000</y>
    <size>10.000000000</size>
</collectable>
<collectable>
    <x>270.000000000</x>
    <y>-350.000000000</y>
    <size>10.000000000</size>
</collectable>
<collectable>
    <x>280.000000000</x>
    <y>-350.000000000</y>
    <size>10.000000000</size>
</collectable>
<collectable>
    <x>280.000000000</x>
    <y>-340.000000000</y>
    <size>10.000000000</size>
</collectable>
<collectable>
    <x>280.000000000</x>
    <y>-330.000000000</y>
    <size>10.000000000</size>
</collectable>
<collectable>
    <x>290.000000000</x>
    <y>-330.000000000</y>
    <size>10.000000000</size>
</collectable>
<collectable>
    <x>290.000000000</x>
    <y>-340.000000000</y>
    <size>10.000000000</size>
</collectable>
<collectable>
    <x>290.000000000</x>
    <y>-350.000000000</y>
    <size>10.000000000</size>
</collectable>
<collectable>
    <x>300.000000000</x>
    <y>-350.000000000</y>
    <size>10.000000000</size>
</collectable>
<collectable>
    <x>300.000000000</x>
    <y>-340.000000000</y>
    <size>10.000000000</size>
</collectable>
<collectable>
    <x>300.000000000</x>
    <y>-330.000000000</y>
    <size>10.000000000</size>
</collectable>
<collectable>
    <x>10.000000000</x>
    <y>-420.000000000</y>
    <size>10.000000000</size>
</collectable>
<collectable>
    <x>20.000000000</x>
    <y>-420.000000000</y>
    <size>10.000000000</size>
</collectable>
<collectable>
    <x>30.000000000</x>
    <y>-420.000000000</y>
    <size>10.000000000</size>
</collectable>
<collectable>
    <x>40.000000000</x>
    <y>-420.000000000</y>
    <size>10.000000000</size>
</collectable>
<collectable>
    <x>40.000000000</x>
    <y>-430.000000000</y>
    <size>10.000000000</size>
</collectable>
<collectable>
    <x>30.000000000</x>
    <y>-430.000000000</y>
    <size>10.000000000</size>
</collectable>
<collectable>
    <x>20.000000000</x>
    <y>-430.000000000</y>
    <size>10.000000000</size>
</collectable>
<collectable>
    <x>10.000000000</x>
    <y>-430.000000000</y>
    <size>10.000000000</size>
</collectable>
<collectable>
    <x>10.000000000</x>
    <y>-440.000000000</y>
    <size>10.000000000</size>
</collectable>
<collectable>
    <x>20.000000000</x>
    <y>-440.000000000</y>
    <size>10.000000000</size>
</collectable>
<collectable>
    <x>30.000000000</x>
    <y>-440.000000000</y>
    <size>10.000000000</size>
</collectable>
<collectable>
    <x>40.000000000</x>
    <y>-440.000000000</y>
    <size>10.000000000</size>
</collectable>
<collectable>
    <x>40.000000000</x>
    <y>-450.000000000</y>
    <size>10.000000000</size>
</collectable>
<collectable>
    <x>30.000000000</x>
    <y>-450.000000000</y>
    <size>10.000000000</size>
</collectable>
<collectable>
    <x>20.000000000</x>
    <y>-450.000000000</y>
    <size>10.000000000</size>
</collectable>
<collectable>
    <x>10.000000000</x>
    <y>-450.000000000</y>
    <size>10.000000000</size>
</collectable>
<collectable>
    <x>50.000000000</x>
    <y>-470.000000000</y>
    <size>10.000000000</size>
</collectable>
<collectable>
    <x>60.000000000</x>
    <y>-470.000000000</y>
    <size>10.000000000</size>
</collectable>
<collectable>
    <x>70.000000000</x>
    <y>-470.000000000</y>
    <size>10.000000000</size>
</collectable>
<collectable>
    <x>70.000000000</x>
    <y>-480.000000000</y>
    <size>10.000000000</size>
</collectable>
<collectable>
    <x>70.000000000</x>
    <y>-490.000000000</y>
    <size>10.000000000</size>
</collectable>
<collectable>
    <x>50.000000000</x>
    <y>-490.000000000</y>
    <size>10.000000000</size>
</collectable>
<collectable>
    <x>50.000000000</x>
    <y>-480.000000000</y>
    <size>10.000000000</size>
</collectable>
<collectable>
    <x>60.000000000</x>
    <y>-490.000000000</y>
    <size>10.000000000</size>
</collectable>
<collectable>
    <x>40.000000000</x>
    <y>-510.000000000</y>
    <size>10.000000000</size>
</collectable>
<collectable>
    <x>30.000000000</x>
    <y>-510.000000000</y>
    <size>10.000000000</size>
</collectable>
<collectable>
    <x>20.000000000</x>
    <y>-510.000000000</y>
    <size>10.000000000</size>
</collectable>
<collectable>
    <x>10.000000000</x>
    <y>-510.000000000</y>
    <size>10.000000000</size>
</collectable>
<collectable>
    <x>10.000000000</x>
    <y>-520.000000000</y>
    <size>10.000000000</size>
</collectable>
<collectable>
    <x>20.000000000</x>
    <y>-520.000000000</y>
    <size>10.000000000</size>
</collectable>
<collectable>
    <x>30.000000000</x>
    <y>-520.000000000</y>
    <size>10.000000000</size>
</collectable>
<collectable>
    <x>40.000000000</x>
    <y>-520.000000000</y>
    <size>10.000000000</size>
</collectable>
<collectable>
    <x>40.000000000</x>
    <y>-530.000000000</y>
    <size>10.000000000</size>
</collectable>
<collectable>
    <x>30.000000000</x>
    <y>-530.000000000</y>
    <size>10.000000000</size>
</collectable>
<collectable>
    <x>20.000000000</x>
    <y>-530.000000000</y>
    <size>10.000000000</size>
</collectable>
<collectable>
    <x>10.000000000</x>
    <y>-530.000000000</y>
    <size>10.000000000</size>
</collectable>
<collectable>
    <x>10.000000000</x>
    <y>-540.000000000</y>
    <size>10.000000000</size>
</collectable>
<collectable>
    <x>20.000000000</x>
    <y>-540.000000000</y>
    <size>10.000000000</size>
</collectable>
<collectable>
    <x>30.000000000</x>
    <y>-540.000000000</y>
    <size>10.000000000</size>
</collectable>
<collectable>
    <x>40.000000000</x>
    <y>-540.000000000</y>
    <size>10.000000000</size>
</collectable>
<collectable>
    <x>50.000000000</x>
    <y>-560.000000000</y>
    <size>10.000000000</size>
</collectable>
<collectable>
    <x>60.000000000</x>
    <y>-560.000000000</y>
    <size>10.000000000</size>
</collectable>
<collectable>
    <x>70.000000000</x>
    <y>-560.000000000</y>
    <size>10.000000000</size>
</collectable>
<collectable>
    <x>70.000000000</x>
    <y>-570.000000000</y>
    <size>10.000000000</size>
</collectable>
<collectable>
    <x>70.000000000</x>
    <y>-580.000000000</y>
    <size>10.000000000</size>
</collectable>
<collectable>
    <x>60.000000000</x>
    <y>-580.000000000</y>
    <size>10.000000000</size>
</collectable>
<collectable>
    <x>50.000000000</x>
    <y>-580.000000000</y>
    <size>10.000000000</size>
</collectable>
<collectable>
    <x>50.000000000</x>
    <y>-570.000000000</y>
    <size>10.000000000</size>
</collectable>
<collectable>
    <x>270.000000000</x>
    <y>-730.000000000</y>
    <size>10.000000000</size>
</collectable>
<collectable>
    <x>270.000000000</x>
    <y>-720.000000000</y>
    <size>10.000000000</size>
</collectable>
<collectable>
    <x>270.000000000</x>
    <y>-710.000000000</y>
    <size>10.000000000</size>
</collectable>
<collectable>
    <x>270.000000000</x>
    <y>-690.000000000</y>
    <size>10.000000000</size>
</collectable>
<collectable>
    <x>270.000000000</x>
    <y>-700.000000000</y>
    <size>10.000000000</size>
</collectable>
<collectable>
    <x>270.000000000</x>
    <y>-680.000000000</y>
    <size>10.000000000</size>
</collectable>
<collectable>
    <x>270.000000000</x>
    <y>-670.000000000</y>
    <size>10.000000000</size>
</collectable>
<collectable>
    <x>270.000000000</x>
    <y>-660.000000000</y>
    <size>10.000000000</size>
</collectable>
<collectable>
    <x>280.000000000</x>
    <y>-660.000000000</y>
    <size>10.000000000</size>
</collectable>
<collectable>
    <x>290.000000000</x>
    <y>-660.000000000</y>
    <size>10.000000000</size>
</collectable>
<collectable>
    <x>300.000000000</x>
    <y>-660.000000000</y>
    <size>10.000000000</size>
</collectable>
<collectable>
    <x>300.000000000</x>
    <y>-670.000000000</y>
    <size>10.000000000</size>
</collectable>
<collectable>
    <x>300.000000000</x>
    <y>-680.000000000</y>
    <size>10.000000000</size>
</collectable>
<collectable>
    <x>300.000000000</x>
    <y>-690.000000000</y>
    <size>10.000000000</size>
</collectable>
<collectable>
    <x>300.000000000</x>
    <y>-700.000000000</y>
    <size>10.000000000</size>
</collectable>
<collectable>
    <x>300.000000000</x>
    <y>-710.000000000</y>
    <size>10.000000000</size>
</collectable>
<collectable>
    <x>300.000000000</x>
    <y>-720.000000000</y>
    <size>10.000000000</size>
</collectable>
<collectable>
    <x>300.000000000</x>
    <y>-730.000000000</y>
    <size>10.000000000</size>
</collectable>
<collectable>
    <x>290.000000000</x>
    <y>-730.000000000</y>
    <size>10.000000000</size>
</collectable>
<collectable>
    <x>280.000000000</x>
    <y>-730.000000000</y>
    <size>10.000000000</size>
</collectable>
<collectable>
    <x>270.000000000</x>
    <y>-840.000000000</y>
    <size>10.000000000</size>
</collectable>
<collectable>
    <x>270.000000000</x>
    <y>-830.000000000</y>
    <size>10.000000000</size>
</collectable>
<collectable>
    <x>270.000000000</x>
    <y>-820.000000000</y>
    <size>10.000000000</size>
</collectable>
<collectable>
    <x>280.000000000</x>
    <y>-820.000000000</y>
    <size>10.000000000</size>
</collectable>
<collectable>
    <x>290.000000000</x>
    <y>-820.000000000</y>
    <size>10.000000000</size>
</collectable>
<collectable>
    <x>300.000000000</x>
    <y>-820.000000000</y>
    <size>10.000000000</size>
</collectable>
<collectable>
    <x>280.000000000</x>
    <y>-840.000000000</y>
    <size>10.000000000</size>
</collectable>
<collectable>
    <x>290.000000000</x>
    <y>-840.000000000</y>
    <size>10.000000000</size>
</collectable>
<collectable>
    <x>300.000000000</x>
    <y>-840.000000000</y>
    <size>10.000000000</size>
</collectable>
<collectable>
    <x>300.000000000</x>
    <y>-830.000000000</y>
    <size>10.000000000</size>
</collectable>
<collectable>
    <x>100.000000000</x>
    <y>-820.000000000</y>
    <size>10.000000000</size>
</collectable>
<collectable>
    <x>90.000000000</x>
    <y>-830.000000000</y>
    <size>10.000000000</size>
</collectable>
<collectable>
    <x>100.000000000</x>
    <y>-840.000000000</y>
    <size>10.000000000</size>
</collectable>
<collectable>
    <x>80.000000000</x>
    <y>-840.000000000</y>
    <size>10.000000000</size>
</collectable>
<collectable>
    <x>90.000000000</x>
    <y>-850.000000000</y>
    <size>10.000000000</size>
</collectable>
<collectable>
    <x>100.000000000</x>
    <y>-860.000000000</y>
    <size>10.000000000</size>
</collectable>
<collectable>
    <x>70.000000000</x>
    <y>-850.000000000</y>
    <size>10.000000000</size>
</collectable>
<collectable>
    <x>80.000000000</x>
    <y>-860.000000000</y>
    <size>10.000000000</size>
</collectable>
<collectable>
    <x>90.000000000</x>
    <y>-870.000000000</y>
    <size>10.000000000</size>
</collectable>
<collectable>
    <x>100.000000000</x>
    <y>-880.000000000</y>
    <size>10.000000000</size>
</collectable>
<collectable>
    <x>60.000000000</x>
    <y>-860.000000000</y>
    <size>10.000000000</size>
</collectable>
<collectable>
    <x>70.000000000</x>
    <y>-870.000000000</y>
    <size>10.000000000</size>
</collectable>
<collectable>
    <x>80.000000000</x>
    <y>-880.000000000</y>
    <size>10.000000000</size>
</collectable>
<collectable>
    <x>90.000000000</x>
    <y>-890.000000000</y>
    <size>10.000000000</size>
</collectable>
<collectable>
    <x>100.000000000</x>
    <y>-900.000000000</y>
    <size>10.000000000</size>
</collectable>
