<collectable>
    <x>90.000000000</x>
    <y>-190.000000000</y>
    <type>1</type>
    <size>44</size>
</collectable>
<collectable>
    <x>260.000000000</x>
    <y>-380.000000000</y>
    <size>56</size>
</collectable>
<collectable>
    <x>190.000000000</x>
    <y>-290.000000000</y>
    <size>42</size>
</collectable>
<collectable>
    <x>270.000000000</x>
    <y>-200.000000000</y>
    <size>54</size>
</collectable>
<collectable>
    <x>40.000000000</x>
    <y>-370.000000000</y>
    <size>38</size>
</collectable>
<enemy>
    <x>70.000000000</x>
    <y>-300.000000000</y>
    <type>1</type>
    <size>38</size>
</enemy>
<enemy>
    <x>280.000000000</x>
    <y>-300.000000000</y>
    <size>26</size>
</enemy>
<enemy>
    <x>170.000000000</x>
    <y>-390.000000000</y>
    <size>26</size>
</enemy>
