<collectable>
    <x>90.000000000</x>
    <y>-250.000000000</y>
    <type>1</type>
    <size>58</size>
</collectable>
<collectable>
    <x>170.000000000</x>
    <y>-250.000000000</y>
    <size>58</size>
</collectable>
<collectable>
    <x>250.000000000</x>
    <y>-250.000000000</y>
    <size>58</size>
</collectable>
<enemy>
    <x>210.000000000</x>
    <y>-340.000000000</y>
    <type>1</type>
    <size>38</size>
</enemy>
<enemy>
    <x>120.000000000</x>
    <y>-340.000000000</y>
    <size>38</size>
</enemy>
<enemy>
    <x>170.000000000</x>
    <y>-440.000000000</y>
    <size>38</size>
</enemy>
<collectable>
    <x>40.000000000</x>
    <y>-200.000000000</y>
    <size>45</size>
</collectable>
<collectable>
    <x>280.000000000</x>
    <y>-200.000000000</y>
    <size>45</size>
</collectable>
<collectable>
    <x>280.000000000</x>
    <y>-320.000000000</y>
    <size>69</size>
</collectable>
<collectable>
    <x>40.000000000</x>
    <y>-320.000000000</y>
    <size>69</size>
</collectable>
<collectable>
    <x>160.000000000</x>
    <y>-110.000000000</y>
    <size>69</size>
</collectable>
<enemy>
    <x>160.000000000</x>
    <y>-240.000000000</y>
    <size>69</size>
</enemy>
<enemy>
    <x>110.000000000</x>
    <y>-380.000000000</y>
    <size>26</size>
</enemy>
<enemy>
    <x>280.000000000</x>
    <y>-390.000000000</y>
    <size>26</size>
</enemy>
<enemy>
    <x>190.000000000</x>
    <y>-380.000000000</y>
    <size>26</size>
</enemy>
