<level>
    <name>New Level</name>
    <speed>1</speed>
</level>
<collectable>
    <x>60.000000000</x>
    <y>-20.000000000</y>
    <type>1</type>
    <size>40</size>
</collectable>
<collectable>
    <x>140.000000000</x>
    <y>-60.000000000</y>
    <size>40</size>
</collectable>
<collectable>
    <x>70.000000000</x>
    <y>-170.000000000</y>
    <size>40</size>
</collectable>
<enemy>
    <x>50.000000000</x>
    <y>-100.000000000</y>
    <type>1</type>
    <size>32</size>
</enemy>
<enemy>
    <x>240.000000000</x>
    <y>-160.000000000</y>
    <size>57</size>
</enemy>
<enemy>
    <x>260.000000000</x>
    <y>-50.000000000</y>
    <size>42</size>
</enemy>
<enemy>
    <x>80.000000000</x>
    <y>-330.000000000</y>
    <size>64</size>
</enemy>
<collectable>
    <x>170.000000000</x>
    <y>-260.000000000</y>
    <size>51</size>
</collectable>
<collectable>
    <x>270.000000000</x>
    <y>-400.000000000</y>
    <size>29</size>
</collectable>
<collectable>
    <x>240.000000000</x>
    <y>-520.000000000</y>
    <size>24</size>
</collectable>
<collectable>
    <x>290.000000000</x>
    <y>-630.000000000</y>
    <size>24</size>
</collectable>
<enemy>
    <x>330.000000000</x>
    <y>-490.000000000</y>
    <size>59</size>
</enemy>
<enemy>
    <x>150.000000000</x>
    <y>-460.000000000</y>
    <size>19</size>
</enemy>
<enemy>
    <x>160.000000000</x>
    <y>-550.000000000</y>
    <size>19</size>
</enemy>
<enemy>
    <x>180.000000000</x>
    <y>-620.000000000</y>
    <size>19</size>
</enemy>
<collectable>
    <x>50.000000000</x>
    <y>-460.000000000</y>
    <size>19</size>
</collectable>
<collectable>
    <x>80.000000000</x>
    <y>-460.000000000</y>
    <size>19</size>
</collectable>
<collectable>
    <x>100.000000000</x>
    <y>-490.000000000</y>
    <size>19</size>
</collectable>
<collectable>
    <x>70.000000000</x>
    <y>-490.000000000</y>
    <size>19</size>
</collectable>
<collectable>
    <x>40.000000000</x>
    <y>-490.000000000</y>
    <size>19</size>
</collectable>
<collectable>
    <x>10.000000000</x>
    <y>-490.000000000</y>
    <size>19</size>
</collectable>
<collectable>
    <x>20.000000000</x>
    <y>-520.000000000</y>
    <size>19</size>
</collectable>
<collectable>
    <x>50.000000000</x>
    <y>-520.000000000</y>
    <size>19</size>
</collectable>
<collectable>
    <x>80.000000000</x>
    <y>-520.000000000</y>
    <size>19</size>
</collectable>
<collectable>
    <x>110.000000000</x>
    <y>-520.000000000</y>
    <size>19</size>
</collectable>
<collectable>
    <x>100.000000000</x>
    <y>-550.000000000</y>
    <size>19</size>
</collectable>
<collectable>
    <x>70.000000000</x>
    <y>-550.000000000</y>
    <size>19</size>
</collectable>
<collectable>
    <x>40.000000000</x>
    <y>-550.000000000</y>
    <size>19</size>
</collectable>
<collectable>
    <x>10.000000000</x>
    <y>-550.000000000</y>
    <size>19</size>
</collectable>
<collectable>
    <x>10.000000000</x>
    <y>-580.000000000</y>
    <size>19</size>
</collectable>
<collectable>
    <x>40.000000000</x>
    <y>-580.000000000</y>
    <size>19</size>
</collectable>
<collectable>
    <x>70.000000000</x>
    <y>-580.000000000</y>
    <size>19</size>
</collectable>
<collectable>
    <x>100.000000000</x>
    <y>-580.000000000</y>
    <size>19</size>
</collectable>
<collectable>
    <x>120.000000000</x>
    <y>-580.000000000</y>
    <size>19</size>
</collectable>
<collectable>
    <x>30.000000000</x>
    <y>-610.000000000</y>
    <size>19</size>
</collectable>
<collectable>
    <x>60.000000000</x>
    <y>-610.000000000</y>
    <size>19</size>
</collectable>
<collectable>
    <x>90.000000000</x>
    <y>-610.000000000</y>
    <size>19</size>
</collectable>
<collectable>
    <x>120.000000000</x>
    <y>-610.000000000</y>
    <size>19</size>
</collectable>
<collectable>
    <x>130.000000000</x>
    <y>-640.000000000</y>
    <size>19</size>
</collectable>
<collectable>
    <x>100.000000000</x>
    <y>-640.000000000</y>
    <size>19</size>
</collectable>
<collectable>
    <x>70.000000000</x>
    <y>-640.000000000</y>
    <size>19</size>
</collectable>
<collectable>
    <x>40.000000000</x>
    <y>-640.000000000</y>
    <size>19</size>
</collectable>
<collectable>
    <x>10.000000000</x>
    <y>-640.000000000</y>
    <size>19</size>
</collectable>
<enemy>
    <x>200.000000000</x>
    <y>-700.000000000</y>
    <size>36</size>
</enemy>
<enemy>
    <x>140.000000000</x>
    <y>-750.000000000</y>
    <size>36</size>
</enemy>
<enemy>
    <x>140.000000000</x>
    <y>-690.000000000</y>
    <size>13</size>
</enemy>
<enemy>
    <x>200.000000000</x>
    <y>-760.000000000</y>
    <size>13</size>
</enemy>
<collectable>
    <x>20.000000000</x>
    <y>-670.000000000</y>
    <size>17</size>
</collectable>
<collectable>
    <x>50.000000000</x>
    <y>-670.000000000</y>
    <size>17</size>
</collectable>
<collectable>
    <x>80.000000000</x>
    <y>-670.000000000</y>
    <size>17</size>
</collectable>
<collectable>
    <x>110.000000000</x>
    <y>-670.000000000</y>
    <size>17</size>
</collectable>
<collectable>
    <x>100.000000000</x>
    <y>-700.000000000</y>
    <size>17</size>
</collectable>
<collectable>
    <x>70.000000000</x>
    <y>-700.000000000</y>
    <size>17</size>
</collectable>
<collectable>
    <x>40.000000000</x>
    <y>-700.000000000</y>
    <size>17</size>
</collectable>
<collectable>
    <x>10.000000000</x>
    <y>-700.000000000</y>
    <size>17</size>
</collectable>
<collectable>
    <x>30.000000000</x>
    <y>-730.000000000</y>
    <size>17</size>
</collectable>
<collectable>
    <x>60.000000000</x>
    <y>-730.000000000</y>
    <size>17</size>
</collectable>
<collectable>
    <x>90.000000000</x>
    <y>-730.000000000</y>
    <size>17</size>
</collectable>
