<enemy>
    <x>130.000000000</x>
    <y>-190.000000000</y>
    <type>1</type>
    <size>23.000000000</size>
</enemy>
<enemy>
    <x>210.000000000</x>
    <y>-190.000000000</y>
    <size>23.000000000</size>
</enemy>
<enemy>
    <x>170.000000000</x>
    <y>-110.000000000</y>
    <size>23.000000000</size>
</enemy>
<collectable>
    <x>150.000000000</x>
    <y>-40.000000000</y>
    <type>1</type>
    <size>40.000000000</size>
</collectable>
<collectable>
    <x>110.000000000</x>
    <y>-80.000000000</y>
    <size>40.000000000</size>
</collectable>
<collectable>
    <x>70.000000000</x>
    <y>-120.000000000</y>
    <size>40.000000000</size>
</collectable>
<collectable>
    <x>30.000000000</x>
    <y>-160.000000000</y>
    <size>40.000000000</size>
</collectable>
<collectable>
    <x>-10.000000000</x>
    <y>-200.000000000</y>
    <size>40.000000000</size>
</collectable>
<collectable>
    <x>190.000000000</x>
    <y>-80.000000000</y>
    <size>40.000000000</size>
</collectable>
<collectable>
    <x>230.000000000</x>
    <y>-120.000000000</y>
    <size>40.000000000</size>
</collectable>
<collectable>
    <x>270.000000000</x>
    <y>-160.000000000</y>
    <size>40.000000000</size>
</collectable>
<collectable>
    <x>310.000000000</x>
    <y>-200.000000000</y>
    <size>40.000000000</size>
</collectable>
