<level>
    <name>New Level</name>
    <speed>1</speed>
</level>
<enemy>
    <x>60.000000000</x>
    <y>-60.000000000</y>
    <type>1</type>
    <size>60.000000000</size>
</enemy>
<enemy>
    <x>260.000000000</x>
    <y>-60.000000000</y>
    <size>60.000000000</size>
</enemy>
<enemy>
    <x>260.000000000</x>
    <y>-180.000000000</y>
    <size>60.000000000</size>
</enemy>
<enemy>
    <x>60.000000000</x>
    <y>-180.000000000</y>
    <size>60.000000000</size>
</enemy>
<enemy>
    <x>90.000000000</x>
    <y>-270.000000000</y>
    <size>41.000000000</size>
</enemy>
<enemy>
    <x>240.000000000</x>
    <y>-270.000000000</y>
    <size>41.000000000</size>
</enemy>
<enemy>
    <x>270.000000000</x>
    <y>-340.000000000</y>
    <size>41.000000000</size>
</enemy>
<enemy>
    <x>120.000000000</x>
    <y>-340.000000000</y>
    <size>41.000000000</size>
</enemy>
<enemy>
    <x>140.000000000</x>
    <y>-420.000000000</y>
    <size>41.000000000</size>
</enemy>
<enemy>
    <x>280.000000000</x>
    <y>-420.000000000</y>
    <size>41.000000000</size>
</enemy>
<enemy>
    <x>140.000000000</x>
    <y>-500.000000000</y>
    <size>41.000000000</size>
</enemy>
<enemy>
    <x>300.000000000</x>
    <y>-500.000000000</y>
    <size>41.000000000</size>
</enemy>
<enemy>
    <x>280.000000000</x>
    <y>-580.000000000</y>
    <size>41.000000000</size>
</enemy>
<enemy>
    <x>120.000000000</x>
    <y>-580.000000000</y>
    <size>41.000000000</size>
</enemy>
<enemy>
    <x>90.000000000</x>
    <y>-660.000000000</y>
    <size>41.000000000</size>
</enemy>
<enemy>
    <x>260.000000000</x>
    <y>-660.000000000</y>
    <size>41.000000000</size>
</enemy>
<enemy>
    <x>220.000000000</x>
    <y>-730.000000000</y>
    <size>41.000000000</size>
</enemy>
<enemy>
    <x>60.000000000</x>
    <y>-730.000000000</y>
    <size>41.000000000</size>
</enemy>
<enemy>
    <x>30.000000000</x>
    <y>-800.000000000</y>
    <size>41.000000000</size>
</enemy>
<enemy>
    <x>190.000000000</x>
    <y>-800.000000000</y>
    <size>41.000000000</size>
</enemy>
<enemy>
    <x>50.000000000</x>
    <y>-870.000000000</y>
    <size>41.000000000</size>
</enemy>
<enemy>
    <x>210.000000000</x>
    <y>-870.000000000</y>
    <size>41.000000000</size>
</enemy>
<enemy>
    <x>240.000000000</x>
    <y>-940.000000000</y>
    <size>41.000000000</size>
</enemy>
<enemy>
    <x>70.000000000</x>
    <y>-940.000000000</y>
    <size>41.000000000</size>
</enemy>
<enemy>
    <x>160.000000000</x>
    <y>-1100.000000000</y>
    <size>68.000000000</size>
</enemy>
<enemy>
    <x>270.000000000</x>
    <y>-1270.000000000</y>
    <size>69.000000000</size>
</enemy>
<enemy>
    <x>60.000000000</x>
    <y>-1270.000000000</y>
    <size>69.000000000</size>
</enemy>
<collectable>
    <x>140.000000000</x>
    <y>-110.000000000</y>
    <type>1</type>
    <size>43.000000000</size>
</collectable>
<collectable>
    <x>140.000000000</x>
    <y>-210.000000000</y>
    <size>43.000000000</size>
</collectable>
<collectable>
    <x>140.000000000</x>
    <y>-290.000000000</y>
    <size>43.000000000</size>
</collectable>
<collectable>
    <x>180.000000000</x>
    <y>-400.000000000</y>
    <size>43.000000000</size>
</collectable>
<collectable>
    <x>200.000000000</x>
    <y>-510.000000000</y>
    <size>43.000000000</size>
</collectable>
<collectable>
    <x>170.000000000</x>
    <y>-630.000000000</y>
    <size>43.000000000</size>
</collectable>
<collectable>
    <x>120.000000000</x>
    <y>-740.000000000</y>
    <size>43.000000000</size>
</collectable>
<collectable>
    <x>90.000000000</x>
    <y>-840.000000000</y>
    <size>43.000000000</size>
</collectable>
<collectable>
    <x>120.000000000</x>
    <y>-920.000000000</y>
    <size>43.000000000</size>
</collectable>
<collectable>
    <x>130.000000000</x>
    <y>-1020.000000000</y>
    <size>43.000000000</size>
</collectable>
<collectable>
    <x>180.000000000</x>
    <y>-570.000000000</y>
    <size>43.000000000</size>
</collectable>
<collectable>
    <x>160.000000000</x>
    <y>-690.000000000</y>
    <size>43.000000000</size>
</collectable>
<collectable>
    <x>10.000000000</x>
    <y>-1080.000000000</y>
    <size>69.000000000</size>
</collectable>
<collectable>
    <x>240.000000000</x>
    <y>-1080.000000000</y>
    <size>69.000000000</size>
</collectable>
<collectable>
    <x>140.000000000</x>
    <y>-1240.000000000</y>
    <size>50.000000000</size>
</collectable>
<collectable>
    <x>110.000000000</x>
    <y>-1470.000000000</y>
    <size>101.000000000</size>
</collectable>
