<level>
    <name>New Level</name>
    <speed>1</speed>
</level>
<enemy>
    <x>40.000000000</x>
    <y>-230.000000000</y>
    <type>1</type>
    <size>30.000000000</size>
</enemy>
<enemy>
    <x>250.000000000</x>
    <y>-310.000000000</y>
    <size>30.000000000</size>
</enemy>
<enemy>
    <x>200.000000000</x>
    <y>-150.000000000</y>
    <size>60.000000000</size>
</enemy>
<enemy>
    <x>100.000000000</x>
    <y>-450.000000000</y>
    <size>10.000000000</size>
</enemy>
<enemy>
    <x>150.000000000</x>
    <y>-450.000000000</y>
    <size>10.000000000</size>
</enemy>
<enemy>
    <x>230.000000000</x>
    <y>-490.000000000</y>
    <size>10.000000000</size>
</enemy>
<enemy>
    <x>280.000000000</x>
    <y>-490.000000000</y>
    <size>10.000000000</size>
</enemy>
<enemy>
    <x>30.000000000</x>
    <y>-510.000000000</y>
    <size>10.000000000</size>
</enemy>
<enemy>
    <x>10.000000000</x>
    <y>-460.000000000</y>
    <size>10.000000000</size>
</enemy>
<enemy>
    <x>10.000000000</x>
    <y>-430.000000000</y>
    <size>10.000000000</size>
</enemy>
<enemy>
    <x>10.000000000</x>
    <y>-400.000000000</y>
    <size>10.000000000</size>
</enemy>
<enemy>
    <x>10.000000000</x>
    <y>-370.000000000</y>
    <size>10.000000000</size>
</enemy>
<enemy>
    <x>130.000000000</x>
    <y>-400.000000000</y>
    <size>10.000000000</size>
</enemy>
<enemy>
    <x>130.000000000</x>
    <y>-370.000000000</y>
    <size>10.000000000</size>
</enemy>
<enemy>
    <x>260.000000000</x>
    <y>-440.000000000</y>
    <size>10.000000000</size>
</enemy>
<enemy>
    <x>260.000000000</x>
    <y>-410.000000000</y>
    <size>10.000000000</size>
</enemy>
<enemy>
    <x>260.000000000</x>
    <y>-380.000000000</y>
    <size>10.000000000</size>
</enemy>
<collectable>
    <x>20.000000000</x>
    <y>-180.000000000</y>
    <type>1</type>
    <size>10.000000000</size>
</collectable>
<collectable>
    <x>20.000000000</x>
    <y>-170.000000000</y>
    <size>10.000000000</size>
</collectable>
<collectable>
    <x>20.000000000</x>
    <y>-160.000000000</y>
    <size>10.000000000</size>
</collectable>
<collectable>
    <x>20.000000000</x>
    <y>-150.000000000</y>
    <size>10.000000000</size>
</collectable>
<collectable>
    <x>20.000000000</x>
    <y>-130.000000000</y>
    <size>10.000000000</size>
</collectable>
<collectable>
    <x>20.000000000</x>
    <y>-140.000000000</y>
    <size>10.000000000</size>
</collectable>
<collectable>
    <x>20.000000000</x>
    <y>-120.000000000</y>
    <size>10.000000000</size>
</collectable>
<collectable>
    <x>20.000000000</x>
    <y>-110.000000000</y>
    <size>10.000000000</size>
</collectable>
<collectable>
    <x>20.000000000</x>
    <y>-90.000000000</y>
    <size>10.000000000</size>
</collectable>
<collectable>
    <x>20.000000000</x>
    <y>-100.000000000</y>
    <size>10.000000000</size>
</collectable>
<collectable>
    <x>20.000000000</x>
    <y>-70.000000000</y>
    <size>10.000000000</size>
</collectable>
<collectable>
    <x>20.000000000</x>
    <y>-80.000000000</y>
    <size>10.000000000</size>
</collectable>
<collectable>
    <x>20.000000000</x>
    <y>-190.000000000</y>
    <size>10.000000000</size>
</collectable>
<collectable>
    <x>30.000000000</x>
    <y>-190.000000000</y>
    <size>10.000000000</size>
</collectable>
<collectable>
    <x>40.000000000</x>
    <y>-190.000000000</y>
    <size>10.000000000</size>
</collectable>
<collectable>
    <x>50.000000000</x>
    <y>-190.000000000</y>
    <size>10.000000000</size>
</collectable>
<collectable>
    <x>60.000000000</x>
    <y>-190.000000000</y>
    <size>10.000000000</size>
</collectable>
<collectable>
    <x>60.000000000</x>
    <y>-180.000000000</y>
    <size>10.000000000</size>
</collectable>
<collectable>
    <x>60.000000000</x>
    <y>-170.000000000</y>
    <size>10.000000000</size>
</collectable>
<collectable>
    <x>60.000000000</x>
    <y>-160.000000000</y>
    <size>10.000000000</size>
</collectable>
<collectable>
    <x>60.000000000</x>
    <y>-150.000000000</y>
    <size>10.000000000</size>
</collectable>
<collectable>
    <x>70.000000000</x>
    <y>-150.000000000</y>
    <size>10.000000000</size>
</collectable>
<collectable>
    <x>80.000000000</x>
    <y>-150.000000000</y>
    <size>10.000000000</size>
</collectable>
<collectable>
    <x>90.000000000</x>
    <y>-150.000000000</y>
    <size>10.000000000</size>
</collectable>
<collectable>
    <x>100.000000000</x>
    <y>-150.000000000</y>
    <size>10.000000000</size>
</collectable>
<collectable>
    <x>110.000000000</x>
    <y>-150.000000000</y>
    <size>10.000000000</size>
</collectable>
<collectable>
    <x>110.000000000</x>
    <y>-160.000000000</y>
    <size>10.000000000</size>
</collectable>
<collectable>
    <x>110.000000000</x>
    <y>-170.000000000</y>
    <size>10.000000000</size>
</collectable>
<collectable>
    <x>110.000000000</x>
    <y>-180.000000000</y>
    <size>10.000000000</size>
</collectable>
<collectable>
    <x>110.000000000</x>
    <y>-190.000000000</y>
    <size>10.000000000</size>
</collectable>
<collectable>
    <x>110.000000000</x>
    <y>-200.000000000</y>
    <size>10.000000000</size>
</collectable>
<collectable>
    <x>110.000000000</x>
    <y>-210.000000000</y>
    <size>10.000000000</size>
</collectable>
<collectable>
    <x>110.000000000</x>
    <y>-220.000000000</y>
    <size>10.000000000</size>
</collectable>
<collectable>
    <x>110.000000000</x>
    <y>-230.000000000</y>
    <size>10.000000000</size>
</collectable>
<collectable>
    <x>110.000000000</x>
    <y>-240.000000000</y>
    <size>10.000000000</size>
</collectable>
<collectable>
    <x>110.000000000</x>
    <y>-250.000000000</y>
    <size>10.000000000</size>
</collectable>
<collectable>
    <x>110.000000000</x>
    <y>-260.000000000</y>
    <size>10.000000000</size>
</collectable>
<collectable>
    <x>110.000000000</x>
    <y>-270.000000000</y>
    <size>10.000000000</size>
</collectable>
<collectable>
    <x>110.000000000</x>
    <y>-280.000000000</y>
    <size>10.000000000</size>
</collectable>
<collectable>
    <x>110.000000000</x>
    <y>-290.000000000</y>
    <size>10.000000000</size>
</collectable>
<collectable>
    <x>110.000000000</x>
    <y>-300.000000000</y>
    <size>10.000000000</size>
</collectable>
<collectable>
    <x>110.000000000</x>
    <y>-310.000000000</y>
    <size>10.000000000</size>
</collectable>
<collectable>
    <x>110.000000000</x>
    <y>-320.000000000</y>
    <size>10.000000000</size>
</collectable>
<collectable>
    <x>110.000000000</x>
    <y>-330.000000000</y>
    <size>10.000000000</size>
</collectable>
<collectable>
    <x>120.000000000</x>
    <y>-330.000000000</y>
    <size>10.000000000</size>
</collectable>
<collectable>
    <x>130.000000000</x>
    <y>-330.000000000</y>
    <size>10.000000000</size>
</collectable>
<collectable>
    <x>140.000000000</x>
    <y>-330.000000000</y>
    <size>10.000000000</size>
</collectable>
<collectable>
    <x>150.000000000</x>
    <y>-330.000000000</y>
    <size>10.000000000</size>
</collectable>
<collectable>
    <x>160.000000000</x>
    <y>-330.000000000</y>
    <size>10.000000000</size>
</collectable>
<collectable>
    <x>170.000000000</x>
    <y>-330.000000000</y>
    <size>10.000000000</size>
</collectable>
<collectable>
    <x>170.000000000</x>
    <y>-320.000000000</y>
    <size>10.000000000</size>
</collectable>
<collectable>
    <x>170.000000000</x>
    <y>-310.000000000</y>
    <size>10.000000000</size>
</collectable>
<collectable>
    <x>170.000000000</x>
    <y>-300.000000000</y>
    <size>10.000000000</size>
</collectable>
<collectable>
    <x>170.000000000</x>
    <y>-290.000000000</y>
    <size>10.000000000</size>
</collectable>
<collectable>
    <x>170.000000000</x>
    <y>-280.000000000</y>
    <size>10.000000000</size>
</collectable>
<collectable>
    <x>170.000000000</x>
    <y>-270.000000000</y>
    <size>10.000000000</size>
</collectable>
<collectable>
    <x>170.000000000</x>
    <y>-260.000000000</y>
    <size>10.000000000</size>
</collectable>
<collectable>
    <x>170.000000000</x>
    <y>-250.000000000</y>
    <size>10.000000000</size>
</collectable>
<collectable>
    <x>170.000000000</x>
    <y>-240.000000000</y>
    <size>10.000000000</size>
</collectable>
<collectable>
    <x>180.000000000</x>
    <y>-240.000000000</y>
    <size>10.000000000</size>
</collectable>
<collectable>
    <x>190.000000000</x>
    <y>-240.000000000</y>
    <size>10.000000000</size>
</collectable>
<collectable>
    <x>200.000000000</x>
    <y>-240.000000000</y>
    <size>10.000000000</size>
</collectable>
<collectable>
    <x>210.000000000</x>
    <y>-240.000000000</y>
    <size>10.000000000</size>
</collectable>
<collectable>
    <x>220.000000000</x>
    <y>-240.000000000</y>
    <size>10.000000000</size>
</collectable>
<collectable>
    <x>220.000000000</x>
    <y>-250.000000000</y>
    <size>10.000000000</size>
</collectable>
<collectable>
    <x>220.000000000</x>
    <y>-260.000000000</y>
    <size>10.000000000</size>
</collectable>
<collectable>
    <x>220.000000000</x>
    <y>-270.000000000</y>
    <size>10.000000000</size>
</collectable>
<collectable>
    <x>230.000000000</x>
    <y>-270.000000000</y>
    <size>10.000000000</size>
</collectable>
<collectable>
    <x>240.000000000</x>
    <y>-270.000000000</y>
    <size>10.000000000</size>
</collectable>
<collectable>
    <x>250.000000000</x>
    <y>-270.000000000</y>
    <size>10.000000000</size>
</collectable>
<collectable>
    <x>260.000000000</x>
    <y>-270.000000000</y>
    <size>10.000000000</size>
</collectable>
<collectable>
    <x>270.000000000</x>
    <y>-270.000000000</y>
    <size>10.000000000</size>
</collectable>
<collectable>
    <x>270.000000000</x>
    <y>-260.000000000</y>
    <size>10.000000000</size>
</collectable>
<collectable>
    <x>270.000000000</x>
    <y>-250.000000000</y>
    <size>10.000000000</size>
</collectable>
<collectable>
    <x>270.000000000</x>
    <y>-240.000000000</y>
    <size>10.000000000</size>
</collectable>
<collectable>
    <x>270.000000000</x>
    <y>-230.000000000</y>
    <size>10.000000000</size>
</collectable>
<collectable>
    <x>270.000000000</x>
    <y>-220.000000000</y>
    <size>10.000000000</size>
</collectable>
<collectable>
    <x>270.000000000</x>
    <y>-210.000000000</y>
    <size>10.000000000</size>
</collectable>
<collectable>
    <x>270.000000000</x>
    <y>-200.000000000</y>
    <size>10.000000000</size>
</collectable>
<collectable>
    <x>270.000000000</x>
    <y>-190.000000000</y>
    <size>10.000000000</size>
</collectable>
<collectable>
    <x>270.000000000</x>
    <y>-180.000000000</y>
    <size>10.000000000</size>
</collectable>
<collectable>
    <x>270.000000000</x>
    <y>-170.000000000</y>
    <size>10.000000000</size>
</collectable>
<collectable>
    <x>270.000000000</x>
    <y>-160.000000000</y>
    <size>10.000000000</size>
</collectable>
<collectable>
    <x>270.000000000</x>
    <y>-150.000000000</y>
    <size>10.000000000</size>
</collectable>
<collectable>
    <x>270.000000000</x>
    <y>-140.000000000</y>
    <size>10.000000000</size>
</collectable>
<collectable>
    <x>270.000000000</x>
    <y>-130.000000000</y>
    <size>10.000000000</size>
</collectable>
<collectable>
    <x>270.000000000</x>
    <y>-120.000000000</y>
    <size>10.000000000</size>
</collectable>
<collectable>
    <x>280.000000000</x>
    <y>-120.000000000</y>
    <size>10.000000000</size>
</collectable>
<collectable>
    <x>290.000000000</x>
    <y>-120.000000000</y>
    <size>10.000000000</size>
</collectable>
<collectable>
    <x>300.000000000</x>
    <y>-120.000000000</y>
    <size>10.000000000</size>
</collectable>
<collectable>
    <x>0.000000000</x>
    <y>-490.000000000</y>
    <size>10.000000000</size>
</collectable>
<collectable>
    <x>10.000000000</x>
    <y>-490.000000000</y>
    <size>10.000000000</size>
</collectable>
<collectable>
    <x>20.000000000</x>
    <y>-490.000000000</y>
    <size>10.000000000</size>
</collectable>
<collectable>
    <x>30.000000000</x>
    <y>-490.000000000</y>
    <size>10.000000000</size>
</collectable>
<collectable>
    <x>30.000000000</x>
    <y>-480.000000000</y>
    <size>10.000000000</size>
</collectable>
<collectable>
    <x>30.000000000</x>
    <y>-470.000000000</y>
    <size>10.000000000</size>
</collectable>
<collectable>
    <x>30.000000000</x>
    <y>-460.000000000</y>
    <size>10.000000000</size>
</collectable>
<collectable>
    <x>30.000000000</x>
    <y>-450.000000000</y>
    <size>10.000000000</size>
</collectable>
<collectable>
    <x>30.000000000</x>
    <y>-440.000000000</y>
    <size>10.000000000</size>
</collectable>
<collectable>
    <x>30.000000000</x>
    <y>-430.000000000</y>
    <size>10.000000000</size>
</collectable>
<collectable>
    <x>30.000000000</x>
    <y>-420.000000000</y>
    <size>10.000000000</size>
</collectable>
<collectable>
    <x>30.000000000</x>
    <y>-410.000000000</y>
    <size>10.000000000</size>
</collectable>
<collectable>
    <x>30.000000000</x>
    <y>-400.000000000</y>
    <size>10.000000000</size>
</collectable>
<collectable>
    <x>30.000000000</x>
    <y>-390.000000000</y>
    <size>10.000000000</size>
</collectable>
<collectable>
    <x>30.000000000</x>
    <y>-380.000000000</y>
    <size>10.000000000</size>
</collectable>
<collectable>
    <x>30.000000000</x>
    <y>-370.000000000</y>
    <size>10.000000000</size>
</collectable>
<collectable>
    <x>40.000000000</x>
    <y>-370.000000000</y>
    <size>10.000000000</size>
</collectable>
<collectable>
    <x>50.000000000</x>
    <y>-370.000000000</y>
    <size>10.000000000</size>
</collectable>
<collectable>
    <x>60.000000000</x>
    <y>-370.000000000</y>
    <size>10.000000000</size>
</collectable>
<collectable>
    <x>70.000000000</x>
    <y>-370.000000000</y>
    <size>10.000000000</size>
</collectable>
<collectable>
    <x>80.000000000</x>
    <y>-370.000000000</y>
    <size>10.000000000</size>
</collectable>
<collectable>
    <x>90.000000000</x>
    <y>-370.000000000</y>
    <size>10.000000000</size>
</collectable>
<collectable>
    <x>90.000000000</x>
    <y>-380.000000000</y>
    <size>10.000000000</size>
</collectable>
<collectable>
    <x>90.000000000</x>
    <y>-390.000000000</y>
    <size>10.000000000</size>
</collectable>
<collectable>
    <x>90.000000000</x>
    <y>-400.000000000</y>
    <size>10.000000000</size>
</collectable>
<collectable>
    <x>90.000000000</x>
    <y>-410.000000000</y>
    <size>10.000000000</size>
</collectable>
<collectable>
    <x>90.000000000</x>
    <y>-420.000000000</y>
    <size>10.000000000</size>
</collectable>
<collectable>
    <x>90.000000000</x>
    <y>-430.000000000</y>
    <size>10.000000000</size>
</collectable>
<collectable>
    <x>100.000000000</x>
    <y>-430.000000000</y>
    <size>10.000000000</size>
</collectable>
<collectable>
    <x>110.000000000</x>
    <y>-430.000000000</y>
    <size>10.000000000</size>
</collectable>
<collectable>
    <x>120.000000000</x>
    <y>-430.000000000</y>
    <size>10.000000000</size>
</collectable>
<collectable>
    <x>130.000000000</x>
    <y>-430.000000000</y>
    <size>10.000000000</size>
</collectable>
<collectable>
    <x>140.000000000</x>
    <y>-430.000000000</y>
    <size>10.000000000</size>
</collectable>
<collectable>
    <x>150.000000000</x>
    <y>-430.000000000</y>
    <size>10.000000000</size>
</collectable>
<collectable>
    <x>150.000000000</x>
    <y>-420.000000000</y>
    <size>10.000000000</size>
</collectable>
<collectable>
    <x>150.000000000</x>
    <y>-410.000000000</y>
    <size>10.000000000</size>
</collectable>
<collectable>
    <x>150.000000000</x>
    <y>-400.000000000</y>
    <size>10.000000000</size>
</collectable>
<collectable>
    <x>150.000000000</x>
    <y>-390.000000000</y>
    <size>10.000000000</size>
</collectable>
<collectable>
    <x>150.000000000</x>
    <y>-380.000000000</y>
    <size>10.000000000</size>
</collectable>
<collectable>
    <x>150.000000000</x>
    <y>-370.000000000</y>
    <size>10.000000000</size>
</collectable>
<collectable>
    <x>150.000000000</x>
    <y>-360.000000000</y>
    <size>10.000000000</size>
</collectable>
<collectable>
    <x>150.000000000</x>
    <y>-350.000000000</y>
    <size>10.000000000</size>
</collectable>
<collectable>
    <x>160.000000000</x>
    <y>-350.000000000</y>
    <size>10.000000000</size>
</collectable>
<collectable>
    <x>170.000000000</x>
    <y>-350.000000000</y>
    <size>10.000000000</size>
</collectable>
<collectable>
    <x>180.000000000</x>
    <y>-350.000000000</y>
    <size>10.000000000</size>
</collectable>
<collectable>
    <x>190.000000000</x>
    <y>-350.000000000</y>
    <size>10.000000000</size>
</collectable>
<collectable>
    <x>200.000000000</x>
    <y>-350.000000000</y>
    <size>10.000000000</size>
</collectable>
<collectable>
    <x>210.000000000</x>
    <y>-350.000000000</y>
    <size>10.000000000</size>
</collectable>
<collectable>
    <x>220.000000000</x>
    <y>-350.000000000</y>
    <size>10.000000000</size>
</collectable>
<collectable>
    <x>220.000000000</x>
    <y>-360.000000000</y>
    <size>10.000000000</size>
</collectable>
<collectable>
    <x>220.000000000</x>
    <y>-370.000000000</y>
    <size>10.000000000</size>
</collectable>
<collectable>
    <x>220.000000000</x>
    <y>-380.000000000</y>
    <size>10.000000000</size>
</collectable>
<collectable>
    <x>220.000000000</x>
    <y>-390.000000000</y>
    <size>10.000000000</size>
</collectable>
<collectable>
    <x>220.000000000</x>
    <y>-400.000000000</y>
    <size>10.000000000</size>
</collectable>
<collectable>
    <x>220.000000000</x>
    <y>-410.000000000</y>
    <size>10.000000000</size>
</collectable>
<collectable>
    <x>220.000000000</x>
    <y>-420.000000000</y>
    <size>10.000000000</size>
</collectable>
<collectable>
    <x>220.000000000</x>
    <y>-430.000000000</y>
    <size>10.000000000</size>
</collectable>
<collectable>
    <x>220.000000000</x>
    <y>-440.000000000</y>
    <size>10.000000000</size>
</collectable>
<collectable>
    <x>220.000000000</x>
    <y>-450.000000000</y>
    <size>10.000000000</size>
</collectable>
<collectable>
    <x>220.000000000</x>
    <y>-460.000000000</y>
    <size>10.000000000</size>
</collectable>
<collectable>
    <x>220.000000000</x>
    <y>-470.000000000</y>
    <size>10.000000000</size>
</collectable>
<collectable>
    <x>230.000000000</x>
    <y>-470.000000000</y>
    <size>10.000000000</size>
</collectable>
<collectable>
    <x>240.000000000</x>
    <y>-470.000000000</y>
    <size>10.000000000</size>
</collectable>
<collectable>
    <x>250.000000000</x>
    <y>-470.000000000</y>
    <size>10.000000000</size>
</collectable>
<collectable>
    <x>260.000000000</x>
    <y>-470.000000000</y>
    <size>10.000000000</size>
</collectable>
<collectable>
    <x>270.000000000</x>
    <y>-470.000000000</y>
    <size>10.000000000</size>
</collectable>
<collectable>
    <x>280.000000000</x>
    <y>-470.000000000</y>
    <size>10.000000000</size>
</collectable>
<collectable>
    <x>280.000000000</x>
    <y>-460.000000000</y>
    <size>10.000000000</size>
</collectable>
<collectable>
    <x>280.000000000</x>
    <y>-450.000000000</y>
    <size>10.000000000</size>
</collectable>
<collectable>
    <x>280.000000000</x>
    <y>-440.000000000</y>
    <size>10.000000000</size>
</collectable>
<collectable>
    <x>280.000000000</x>
    <y>-430.000000000</y>
    <size>10.000000000</size>
</collectable>
<collectable>
    <x>280.000000000</x>
    <y>-420.000000000</y>
    <size>10.000000000</size>
</collectable>
<collectable>
    <x>280.000000000</x>
    <y>-410.000000000</y>
    <size>10.000000000</size>
</collectable>
<collectable>
    <x>280.000000000</x>
    <y>-400.000000000</y>
    <size>10.000000000</size>
</collectable>
<collectable>
    <x>280.000000000</x>
    <y>-390.000000000</y>
    <size>10.000000000</size>
</collectable>
<collectable>
    <x>280.000000000</x>
    <y>-380.000000000</y>
    <size>10.000000000</size>
</collectable>
<collectable>
    <x>280.000000000</x>
    <y>-370.000000000</y>
    <size>10.000000000</size>
</collectable>
<collectable>
    <x>280.000000000</x>
    <y>-360.000000000</y>
    <size>10.000000000</size>
</collectable>
<collectable>
    <x>280.000000000</x>
    <y>-350.000000000</y>
    <size>10.000000000</size>
</collectable>
<collectable>
    <x>290.000000000</x>
    <y>-350.000000000</y>
    <size>10.000000000</size>
</collectable>
<collectable>
    <x>300.000000000</x>
    <y>-350.000000000</y>
    <size>10.000000000</size>
</collectable>
<collectable>
    <x>310.000000000</x>
    <y>-350.000000000</y>
    <size>10.000000000</size>
</collectable>
<collectable>
    <x>310.000000000</x>
    <y>-120.000000000</y>
    <size>10.000000000</size>
</collectable>
<collectable>
    <x>10.000000000</x>
    <y>-70.000000000</y>
    <size>10.000000000</size>
</collectable>
<collectable>
    <x>0.000000000</x>
    <y>-70.000000000</y>
    <size>10.000000000</size>
</collectable>
