<level>
    <name>New Level</name>
    <speed>1</speed>
</level>
<enemy>
    <x>40.000000000</x>
    <y>-140.000000000</y>
    <type>1</type>
    <size>40</size>
</enemy>
<enemy>
    <x>280.000000000</x>
    <y>-140.000000000</y>
    <size>40</size>
</enemy>
<enemy>
    <x>270.000000000</x>
    <y>-230.000000000</y>
    <size>40</size>
</enemy>
<enemy>
    <x>50.000000000</x>
    <y>-230.000000000</y>
    <size>40</size>
</enemy>
<enemy>
    <x>60.000000000</x>
    <y>-320.000000000</y>
    <size>40</size>
</enemy>
<enemy>
    <x>260.000000000</x>
    <y>-320.000000000</y>
    <size>40</size>
</enemy>
<enemy>
    <x>250.000000000</x>
    <y>-420.000000000</y>
    <size>40</size>
</enemy>
<enemy>
    <x>80.000000000</x>
    <y>-420.000000000</y>
    <size>40</size>
</enemy>
<enemy>
    <x>170.000000000</x>
    <y>-590.000000000</y>
    <size>40</size>
</enemy>
<collectable>
    <x>140.000000000</x>
    <y>-420.000000000</y>
    <type>1</type>
    <size>40</size>
</collectable>
<collectable>
    <x>190.000000000</x>
    <y>-420.000000000</y>
    <size>40</size>
</collectable>
<collectable>
    <x>200.000000000</x>
    <y>-320.000000000</y>
    <size>40</size>
</collectable>
<collectable>
    <x>120.000000000</x>
    <y>-320.000000000</y>
    <size>40</size>
</collectable>
<collectable>
    <x>110.000000000</x>
    <y>-230.000000000</y>
    <size>40</size>
</collectable>
<collectable>
    <x>210.000000000</x>
    <y>-230.000000000</y>
    <size>40</size>
</collectable>
<collectable>
    <x>220.000000000</x>
    <y>-140.000000000</y>
    <size>40</size>
</collectable>
<collectable>
    <x>100.000000000</x>
    <y>-140.000000000</y>
    <size>40</size>
</collectable>
<collectable>
    <x>170.000000000</x>
    <y>-530.000000000</y>
    <size>40</size>
</collectable>
