<enemy>
    <x>160.000000000</x>
    <y>-820.000000000</y>
    <type>1</type>
    <size>48.000000000</size>
</enemy>
<enemy>
    <x>270.000000000</x>
    <y>-820.000000000</y>
    <size>48.000000000</size>
</enemy>
<enemy>
    <x>50.000000000</x>
    <y>-1220.000000000</y>
    <size>48.000000000</size>
</enemy>
<enemy>
    <x>160.000000000</x>
    <y>-1220.000000000</y>
    <size>48.000000000</size>
</enemy>
<enemy>
    <x>80.000000000</x>
    <y>-530.000000000</y>
    <size>55.000000000</size>
</enemy>
<collectable>
    <x>140.000000000</x>
    <y>-200.000000000</y>
    <type>1</type>
    <size>40.000000000</size>
</collectable>
<collectable>
    <x>140.000000000</x>
    <y>-420.000000000</y>
    <size>40.000000000</size>
</collectable>
<collectable>
    <x>140.000000000</x>
    <y>-690.000000000</y>
    <size>40.000000000</size>
</collectable>
<collectable>
    <x>90.000000000</x>
    <y>-1030.000000000</y>
    <size>48.000000000</size>
</collectable>
<collectable>
    <x>260.000000000</x>
    <y>-1240.000000000</y>
    <size>48.000000000</size>
</collectable>
