<enemy>
    <x>20.000000000</x>
    <y>-240.000000000</y>
    <type>1</type>
    <size>17.000000000</size>
</enemy>
<enemy>
    <x>60.000000000</x>
    <y>-240.000000000</y>
    <size>17.000000000</size>
</enemy>
<enemy>
    <x>100.000000000</x>
    <y>-260.000000000</y>
    <size>17.000000000</size>
</enemy>
<enemy>
    <x>130.000000000</x>
    <y>-300.000000000</y>
    <size>17.000000000</size>
</enemy>
<enemy>
    <x>150.000000000</x>
    <y>-350.000000000</y>
    <size>17.000000000</size>
</enemy>
<enemy>
    <x>170.000000000</x>
    <y>-400.000000000</y>
    <size>17.000000000</size>
</enemy>
<enemy>
    <x>160.000000000</x>
    <y>-450.000000000</y>
    <size>17.000000000</size>
</enemy>
<enemy>
    <x>120.000000000</x>
    <y>-750.000000000</y>
    <size>17.000000000</size>
</enemy>
<enemy>
    <x>140.000000000</x>
    <y>-690.000000000</y>
    <size>17.000000000</size>
</enemy>
<enemy>
    <x>170.000000000</x>
    <y>-630.000000000</y>
    <size>17.000000000</size>
</enemy>
<enemy>
    <x>220.000000000</x>
    <y>-590.000000000</y>
    <size>17.000000000</size>
</enemy>
<enemy>
    <x>290.000000000</x>
    <y>-560.000000000</y>
    <size>17.000000000</size>
</enemy>
<enemy>
    <x>240.000000000</x>
    <y>-800.000000000</y>
    <size>17.000000000</size>
</enemy>
<enemy>
    <x>300.000000000</x>
    <y>-770.000000000</y>
    <size>17.000000000</size>
</enemy>
<enemy>
    <x>30.000000000</x>
    <y>-470.000000000</y>
    <size>17.000000000</size>
</enemy>
<collectable>
    <x>90.000000000</x>
    <y>-400.000000000</y>
    <type>1</type>
    <size>17.000000000</size>
</collectable>
<collectable>
    <x>20.000000000</x>
    <y>-330.000000000</y>
    <size>17.000000000</size>
</collectable>
<collectable>
    <x>70.000000000</x>
    <y>-340.000000000</y>
    <size>17.000000000</size>
</collectable>
<collectable>
    <x>20.000000000</x>
    <y>-380.000000000</y>
    <size>17.000000000</size>
</collectable>
<collectable>
    <x>270.000000000</x>
    <y>-630.000000000</y>
    <size>17.000000000</size>
</collectable>
<collectable>
    <x>220.000000000</x>
    <y>-670.000000000</y>
    <size>17.000000000</size>
</collectable>
<collectable>
    <x>300.000000000</x>
    <y>-710.000000000</y>
    <size>17.000000000</size>
</collectable>
<collectable>
    <x>240.000000000</x>
    <y>-730.000000000</y>
    <size>17.000000000</size>
</collectable>
