<enemy>
    <x>30.000000000</x>
    <y>-320.000000000</y>
    <type>1</type>
    <size>20.000000000</size>
</enemy>
<enemy>
    <x>30.000000000</x>
    <y>-260.000000000</y>
    <size>20.000000000</size>
</enemy>
<enemy>
    <x>30.000000000</x>
    <y>-200.000000000</y>
    <size>20.000000000</size>
</enemy>
<enemy>
    <x>30.000000000</x>
    <y>-140.000000000</y>
    <size>20.000000000</size>
</enemy>
<enemy>
    <x>90.000000000</x>
    <y>-140.000000000</y>
    <size>20.000000000</size>
</enemy>
<enemy>
    <x>150.000000000</x>
    <y>-140.000000000</y>
    <size>20.000000000</size>
</enemy>
<enemy>
    <x>210.000000000</x>
    <y>-140.000000000</y>
    <size>20.000000000</size>
</enemy>
<enemy>
    <x>220.000000000</x>
    <y>-200.000000000</y>
    <size>20.000000000</size>
</enemy>
<enemy>
    <x>230.000000000</x>
    <y>-260.000000000</y>
    <size>20.000000000</size>
</enemy>
<enemy>
    <x>230.000000000</x>
    <y>-320.000000000</y>
    <size>20.000000000</size>
</enemy>
<enemy>
    <x>170.000000000</x>
    <y>-320.000000000</y>
    <size>20.000000000</size>
</enemy>
<enemy>
    <x>170.000000000</x>
    <y>-260.000000000</y>
    <size>20.000000000</size>
</enemy>
<enemy>
    <x>30.000000000</x>
    <y>-380.000000000</y>
    <size>20.000000000</size>
</enemy>
<enemy>
    <x>20.000000000</x>
    <y>-860.000000000</y>
    <size>20.000000000</size>
</enemy>
<enemy>
    <x>60.000000000</x>
    <y>-790.000000000</y>
    <size>20.000000000</size>
</enemy>
<enemy>
    <x>100.000000000</x>
    <y>-710.000000000</y>
    <size>20.000000000</size>
</enemy>
<enemy>
    <x>150.000000000</x>
    <y>-640.000000000</y>
    <size>20.000000000</size>
</enemy>
<enemy>
    <x>300.000000000</x>
    <y>-710.000000000</y>
    <size>20.000000000</size>
</enemy>
<enemy>
    <x>260.000000000</x>
    <y>-790.000000000</y>
    <size>20.000000000</size>
</enemy>
<enemy>
    <x>220.000000000</x>
    <y>-860.000000000</y>
    <size>20.000000000</size>
</enemy>
<enemy>
    <x>180.000000000</x>
    <y>-940.000000000</y>
    <size>20.000000000</size>
</enemy>
<enemy>
    <x>260.000000000</x>
    <y>-500.000000000</y>
    <size>35.000000000</size>
</enemy>
<enemy>
    <x>60.000000000</x>
    <y>-580.000000000</y>
    <size>35.000000000</size>
</enemy>
<collectable>
    <x>250.000000000</x>
    <y>-160.000000000</y>
    <type>1</type>
    <size>40.000000000</size>
</collectable>
<collectable>
    <x>270.000000000</x>
    <y>-220.000000000</y>
    <size>40.000000000</size>
</collectable>
<collectable>
    <x>270.000000000</x>
    <y>-280.000000000</y>
    <size>40.000000000</size>
</collectable>
<collectable>
    <x>270.000000000</x>
    <y>-340.000000000</y>
    <size>40.000000000</size>
</collectable>
<collectable>
    <x>270.000000000</x>
    <y>-400.000000000</y>
    <size>40.000000000</size>
</collectable>
<collectable>
    <x>200.000000000</x>
    <y>-400.000000000</y>
    <size>40.000000000</size>
</collectable>
<collectable>
    <x>140.000000000</x>
    <y>-400.000000000</y>
    <size>40.000000000</size>
</collectable>
<collectable>
    <x>80.000000000</x>
    <y>-400.000000000</y>
    <size>40.000000000</size>
</collectable>
<collectable>
    <x>80.000000000</x>
    <y>-340.000000000</y>
    <size>40.000000000</size>
</collectable>
<collectable>
    <x>80.000000000</x>
    <y>-280.000000000</y>
    <size>40.000000000</size>
</collectable>
<collectable>
    <x>80.000000000</x>
    <y>-220.000000000</y>
    <size>40.000000000</size>
</collectable>
<collectable>
    <x>140.000000000</x>
    <y>-220.000000000</y>
    <size>40.000000000</size>
</collectable>
<collectable>
    <x>140.000000000</x>
    <y>-550.000000000</y>
    <size>35.000000000</size>
</collectable>
<collectable>
    <x>230.000000000</x>
    <y>-670.000000000</y>
    <size>35.000000000</size>
</collectable>
<collectable>
    <x>50.000000000</x>
    <y>-1030.000000000</y>
    <size>35.000000000</size>
</collectable>
