<level>
    <name>New Level</name>
    <speed>1</speed>
</level>
<enemy>
    <x>50.000000000</x>
    <y>-340.000000000</y>
    <type>1</type>
    <size>40.000000000</size>
</enemy>
<enemy>
    <x>50.000000000</x>
    <y>-130.000000000</y>
    <size>40.000000000</size>
</enemy>
<enemy>
    <x>270.000000000</x>
    <y>-130.000000000</y>
    <size>40.000000000</size>
</enemy>
<enemy>
    <x>270.000000000</x>
    <y>-340.000000000</y>
    <size>40.000000000</size>
</enemy>
<enemy>
    <x>270.000000000</x>
    <y>-520.000000000</y>
    <size>40.000000000</size>
</enemy>
<enemy>
    <x>270.000000000</x>
    <y>-680.000000000</y>
    <size>40.000000000</size>
</enemy>
<enemy>
    <x>50.000000000</x>
    <y>-680.000000000</y>
    <size>40.000000000</size>
</enemy>
<enemy>
    <x>50.000000000</x>
    <y>-520.000000000</y>
    <size>40.000000000</size>
</enemy>
<enemy>
    <x>170.000000000</x>
    <y>-860.000000000</y>
    <size>25.000000000</size>
</enemy>
<enemy>
    <x>110.000000000</x>
    <y>-930.000000000</y>
    <size>25.000000000</size>
</enemy>
<enemy>
    <x>230.000000000</x>
    <y>-930.000000000</y>
    <size>25.000000000</size>
</enemy>
<enemy>
    <x>170.000000000</x>
    <y>-990.000000000</y>
    <size>25.000000000</size>
</enemy>
<collectable>
    <x>90.000000000</x>
    <y>-310.000000000</y>
    <type>1</type>
    <size>139.000000000</size>
</collectable>
<collectable>
    <x>140.000000000</x>
    <y>-620.000000000</y>
    <size>40.000000000</size>
</collectable>
<collectable>
    <x>30.000000000</x>
    <y>-860.000000000</y>
    <size>40.000000000</size>
</collectable>
<collectable>
    <x>30.000000000</x>
    <y>-1040.000000000</y>
    <size>40.000000000</size>
</collectable>
<collectable>
    <x>260.000000000</x>
    <y>-1040.000000000</y>
    <size>40.000000000</size>
</collectable>
<collectable>
    <x>260.000000000</x>
    <y>-860.000000000</y>
    <size>40.000000000</size>
</collectable>
