<level>
    <name>New Level</name>
    <speed>1</speed>
</level>
<enemy>
    <x>160.000000000</x>
    <y>-270.000000000</y>
    <type>1</type>
    <size>40.000000000</size>
</enemy>
<enemy>
    <x>160.000000000</x>
    <y>-400.000000000</y>
    <size>40.000000000</size>
</enemy>
<enemy>
    <x>160.000000000</x>
    <y>-540.000000000</y>
    <size>40.000000000</size>
</enemy>
<enemy>
    <x>50.000000000</x>
    <y>-840.000000000</y>
    <size>40.000000000</size>
</enemy>
<enemy>
    <x>270.000000000</x>
    <y>-840.000000000</y>
    <size>40.000000000</size>
</enemy>
<enemy>
    <x>240.000000000</x>
    <y>-950.000000000</y>
    <size>40.000000000</size>
</enemy>
<enemy>
    <x>90.000000000</x>
    <y>-950.000000000</y>
    <size>40.000000000</size>
</enemy>
<collectable>
    <x>140.000000000</x>
    <y>-140.000000000</y>
    <type>1</type>
    <size>40.000000000</size>
</collectable>
<collectable>
    <x>80.000000000</x>
    <y>-220.000000000</y>
    <size>40.000000000</size>
</collectable>
<collectable>
    <x>10.000000000</x>
    <y>-300.000000000</y>
    <size>40.000000000</size>
</collectable>
<collectable>
    <x>270.000000000</x>
    <y>-300.000000000</y>
    <size>40.000000000</size>
</collectable>
<collectable>
    <x>210.000000000</x>
    <y>-220.000000000</y>
    <size>40.000000000</size>
</collectable>
<collectable>
    <x>10.000000000</x>
    <y>-560.000000000</y>
    <size>40.000000000</size>
</collectable>
<collectable>
    <x>270.000000000</x>
    <y>-560.000000000</y>
    <size>40.000000000</size>
</collectable>
<collectable>
    <x>210.000000000</x>
    <y>-680.000000000</y>
    <size>40.000000000</size>
</collectable>
<collectable>
    <x>70.000000000</x>
    <y>-680.000000000</y>
    <size>40.000000000</size>
</collectable>
<collectable>
    <x>140.000000000</x>
    <y>-770.000000000</y>
    <size>40.000000000</size>
</collectable>
<collectable>
    <x>140.000000000</x>
    <y>-1120.000000000</y>
    <size>40.000000000</size>
</collectable>
