<enemy>
    <x>310.000000000</x>
    <y>-920.000000000</y>
    <type>1</type>
    <size>80.000000000</size>
</enemy>
<enemy>
    <x>180.000000000</x>
    <y>-340.000000000</y>
    <size>48.000000000</size>
</enemy>
<enemy>
    <x>60.000000000</x>
    <y>-70.000000000</y>
    <size>47.000000000</size>
</enemy>
<enemy>
    <x>280.000000000</x>
    <y>-120.000000000</y>
    <size>9.000000000</size>
</enemy>
<enemy>
    <x>10.000000000</x>
    <y>-460.000000000</y>
    <size>9.000000000</size>
</enemy>
<enemy>
    <x>300.000000000</x>
    <y>-500.000000000</y>
    <size>18.000000000</size>
</enemy>
<enemy>
    <x>170.000000000</x>
    <y>-530.000000000</y>
    <size>18.000000000</size>
</enemy>
<enemy>
    <x>70.000000000</x>
    <y>-670.000000000</y>
    <size>40.000000000</size>
</enemy>
<enemy>
    <x>-10.000000000</x>
    <y>-780.000000000</y>
    <size>41.000000000</size>
</enemy>
<enemy>
    <x>260.000000000</x>
    <y>-780.000000000</y>
    <size>15.000000000</size>
</enemy>
<enemy>
    <x>260.000000000</x>
    <y>-670.000000000</y>
    <size>15.000000000</size>
</enemy>
<enemy>
    <x>50.000000000</x>
    <y>-900.000000000</y>
    <size>4.000000000</size>
</enemy>
<enemy>
    <x>70.000000000</x>
    <y>-820.000000000</y>
    <size>4.000000000</size>
</enemy>
<collectable>
    <x>30.000000000</x>
    <y>-210.000000000</y>
    <type>1</type>
    <size>40.000000000</size>
</collectable>
<collectable>
    <x>50.000000000</x>
    <y>-390.000000000</y>
    <size>40.000000000</size>
</collectable>
<collectable>
    <x>260.000000000</x>
    <y>-300.000000000</y>
    <size>40.000000000</size>
</collectable>
<collectable>
    <x>220.000000000</x>
    <y>-460.000000000</y>
    <size>29.000000000</size>
</collectable>
<collectable>
    <x>0.000000000</x>
    <y>-570.000000000</y>
    <size>29.000000000</size>
</collectable>
<collectable>
    <x>90.000000000</x>
    <y>-500.000000000</y>
    <size>20.000000000</size>
</collectable>
<collectable>
    <x>120.000000000</x>
    <y>-230.000000000</y>
    <size>20.000000000</size>
</collectable>
<collectable>
    <x>300.000000000</x>
    <y>-590.000000000</y>
    <size>20.000000000</size>
</collectable>
<collectable>
    <x>160.000000000</x>
    <y>-610.000000000</y>
    <size>20.000000000</size>
</collectable>
<collectable>
    <x>120.000000000</x>
    <y>-820.000000000</y>
    <size>80.000000000</size>
</collectable>
