<level>
    <name>New Level</name>
    <speed>1</speed>
</level>
<collectable>
    <x>50.000000000</x>
    <y>-80.000000000</y>
    <type>1</type>
    <size>30.000000000</size>
</collectable>
<collectable>
    <x>70.000000000</x>
    <y>-140.000000000</y>
    <size>30.000000000</size>
</collectable>
<collectable>
    <x>90.000000000</x>
    <y>-190.000000000</y>
    <size>30.000000000</size>
</collectable>
<collectable>
    <x>110.000000000</x>
    <y>-240.000000000</y>
    <size>30.000000000</size>
</collectable>
<collectable>
    <x>140.000000000</x>
    <y>-240.000000000</y>
    <size>30.000000000</size>
</collectable>
<collectable>
    <x>160.000000000</x>
    <y>-190.000000000</y>
    <size>30.000000000</size>
</collectable>
<collectable>
    <x>180.000000000</x>
    <y>-140.000000000</y>
    <size>30.000000000</size>
</collectable>
<collectable>
    <x>200.000000000</x>
    <y>-80.000000000</y>
    <size>30.000000000</size>
</collectable>
<collectable>
    <x>120.000000000</x>
    <y>-140.000000000</y>
    <size>30.000000000</size>
</collectable>
<collectable>
    <x>130.000000000</x>
    <y>-140.000000000</y>
    <size>30.000000000</size>
</collectable>
<collectable>
    <x>160.000000000</x>
    <y>-140.000000000</y>
    <size>30.000000000</size>
</collectable>
<collectable>
    <x>170.000000000</x>
    <y>-170.000000000</y>
    <size>30.000000000</size>
</collectable>
<collectable>
    <x>150.000000000</x>
    <y>-210.000000000</y>
    <size>30.000000000</size>
</collectable>
<collectable>
    <x>100.000000000</x>
    <y>-210.000000000</y>
    <size>30.000000000</size>
</collectable>
<collectable>
    <x>90.000000000</x>
    <y>-140.000000000</y>
    <size>30.000000000</size>
</collectable>
<collectable>
    <x>80.000000000</x>
    <y>-160.000000000</y>
    <size>30.000000000</size>
</collectable>
<collectable>
    <x>60.000000000</x>
    <y>-110.000000000</y>
    <size>30.000000000</size>
</collectable>
<collectable>
    <x>190.000000000</x>
    <y>-110.000000000</y>
    <size>30.000000000</size>
</collectable>
