<enemy>
    <x>90.000000000</x>
    <y>-280.000000000</y>
    <type>1</type>
    <size>30.000000000</size>
</enemy>
<enemy>
    <x>230.000000000</x>
    <y>-280.000000000</y>
    <size>30.000000000</size>
</enemy>
<collectable>
    <x>140.000000000</x>
    <y>-180.000000000</y>
    <type>1</type>
    <size>30.000000000</size>
</collectable>
<collectable>
    <x>150.000000000</x>
    <y>-180.000000000</y>
    <size>30.000000000</size>
</collectable>
<collectable>
    <x>120.000000000</x>
    <y>-170.000000000</y>
    <size>30.000000000</size>
</collectable>
<collectable>
    <x>170.000000000</x>
    <y>-170.000000000</y>
    <size>30.000000000</size>
</collectable>
<collectable>
    <x>180.000000000</x>
    <y>-150.000000000</y>
    <size>30.000000000</size>
</collectable>
<collectable>
    <x>110.000000000</x>
    <y>-150.000000000</y>
    <size>30.000000000</size>
</collectable>
<collectable>
    <x>100.000000000</x>
    <y>-130.000000000</y>
    <size>30.000000000</size>
</collectable>
<collectable>
    <x>70.000000000</x>
    <y>-140.000000000</y>
    <size>30.000000000</size>
</collectable>
<collectable>
    <x>60.000000000</x>
    <y>-160.000000000</y>
    <size>30.000000000</size>
</collectable>
<collectable>
    <x>50.000000000</x>
    <y>-180.000000000</y>
    <size>30.000000000</size>
</collectable>
<collectable>
    <x>190.000000000</x>
    <y>-130.000000000</y>
    <size>30.000000000</size>
</collectable>
<collectable>
    <x>220.000000000</x>
    <y>-140.000000000</y>
    <size>30.000000000</size>
</collectable>
<collectable>
    <x>230.000000000</x>
    <y>-160.000000000</y>
    <size>30.000000000</size>
</collectable>
<collectable>
    <x>240.000000000</x>
    <y>-180.000000000</y>
    <size>30.000000000</size>
</collectable>
<collectable>
    <x>20.000000000</x>
    <y>-250.000000000</y>
    <size>9.000000000</size>
</collectable>
<collectable>
    <x>30.000000000</x>
    <y>-240.000000000</y>
    <size>9.000000000</size>
</collectable>
<collectable>
    <x>40.000000000</x>
    <y>-230.000000000</y>
    <size>9.000000000</size>
</collectable>
<collectable>
    <x>40.000000000</x>
    <y>-220.000000000</y>
    <size>9.000000000</size>
</collectable>
<collectable>
    <x>30.000000000</x>
    <y>-220.000000000</y>
    <size>9.000000000</size>
</collectable>
<collectable>
    <x>20.000000000</x>
    <y>-220.000000000</y>
    <size>9.000000000</size>
</collectable>
<collectable>
    <x>40.000000000</x>
    <y>-210.000000000</y>
    <size>9.000000000</size>
</collectable>
<collectable>
    <x>30.000000000</x>
    <y>-200.000000000</y>
    <size>9.000000000</size>
</collectable>
<collectable>
    <x>20.000000000</x>
    <y>-190.000000000</y>
    <size>9.000000000</size>
</collectable>
<collectable>
    <x>270.000000000</x>
    <y>-220.000000000</y>
    <size>9.000000000</size>
</collectable>
<collectable>
    <x>280.000000000</x>
    <y>-220.000000000</y>
    <size>9.000000000</size>
</collectable>
<collectable>
    <x>290.000000000</x>
    <y>-220.000000000</y>
    <size>9.000000000</size>
</collectable>
<collectable>
    <x>270.000000000</x>
    <y>-230.000000000</y>
    <size>9.000000000</size>
</collectable>
<collectable>
    <x>280.000000000</x>
    <y>-240.000000000</y>
    <size>9.000000000</size>
</collectable>
<collectable>
    <x>290.000000000</x>
    <y>-250.000000000</y>
    <size>9.000000000</size>
</collectable>
<collectable>
    <x>270.000000000</x>
    <y>-210.000000000</y>
    <size>9.000000000</size>
</collectable>
<collectable>
    <x>280.000000000</x>
    <y>-200.000000000</y>
    <size>9.000000000</size>
</collectable>
<collectable>
    <x>290.000000000</x>
    <y>-190.000000000</y>
    <size>9.000000000</size>
</collectable>
<collectable>
    <x>130.000000000</x>
    <y>-160.000000000</y>
    <size>30.000000000</size>
</collectable>
<collectable>
    <x>120.000000000</x>
    <y>-140.000000000</y>
    <size>30.000000000</size>
</collectable>
<collectable>
    <x>160.000000000</x>
    <y>-160.000000000</y>
    <size>30.000000000</size>
</collectable>
<collectable>
    <x>170.000000000</x>
    <y>-140.000000000</y>
    <size>30.000000000</size>
</collectable>
<collectable>
    <x>150.000000000</x>
    <y>-220.000000000</y>
    <size>20.000000000</size>
</collectable>
