<collectable>
    <x>230.000000000</x>
    <y>-300.000000000</y>
    <type>1</type>
    <size>30.000000000</size>
</collectable>
<collectable>
    <x>200.000000000</x>
    <y>-300.000000000</y>
    <size>30.000000000</size>
</collectable>
<collectable>
    <x>170.000000000</x>
    <y>-300.000000000</y>
    <size>30.000000000</size>
</collectable>
<collectable>
    <x>140.000000000</x>
    <y>-300.000000000</y>
    <size>30.000000000</size>
</collectable>
<collectable>
    <x>110.000000000</x>
    <y>-300.000000000</y>
    <size>30.000000000</size>
</collectable>
<collectable>
    <x>80.000000000</x>
    <y>-300.000000000</y>
    <size>30.000000000</size>
</collectable>
<collectable>
    <x>50.000000000</x>
    <y>-300.000000000</y>
    <size>30.000000000</size>
</collectable>
<collectable>
    <x>40.000000000</x>
    <y>-280.000000000</y>
    <size>30.000000000</size>
</collectable>
<collectable>
    <x>30.000000000</x>
    <y>-260.000000000</y>
    <size>30.000000000</size>
</collectable>
<collectable>
    <x>30.000000000</x>
    <y>-230.000000000</y>
    <size>30.000000000</size>
</collectable>
<collectable>
    <x>30.000000000</x>
    <y>-200.000000000</y>
    <size>30.000000000</size>
</collectable>
<collectable>
    <x>30.000000000</x>
    <y>-170.000000000</y>
    <size>30.000000000</size>
</collectable>
<collectable>
    <x>30.000000000</x>
    <y>-140.000000000</y>
    <size>30.000000000</size>
</collectable>
<collectable>
    <x>30.000000000</x>
    <y>-110.000000000</y>
    <size>30.000000000</size>
</collectable>
<collectable>
    <x>40.000000000</x>
    <y>-90.000000000</y>
    <size>30.000000000</size>
</collectable>
<collectable>
    <x>50.000000000</x>
    <y>-70.000000000</y>
    <size>30.000000000</size>
</collectable>
<collectable>
    <x>80.000000000</x>
    <y>-70.000000000</y>
    <size>30.000000000</size>
</collectable>
<collectable>
    <x>110.000000000</x>
    <y>-70.000000000</y>
    <size>30.000000000</size>
</collectable>
<collectable>
    <x>140.000000000</x>
    <y>-70.000000000</y>
    <size>30.000000000</size>
</collectable>
<collectable>
    <x>170.000000000</x>
    <y>-70.000000000</y>
    <size>30.000000000</size>
</collectable>
<collectable>
    <x>200.000000000</x>
    <y>-70.000000000</y>
    <size>30.000000000</size>
</collectable>
<collectable>
    <x>230.000000000</x>
    <y>-70.000000000</y>
    <size>30.000000000</size>
</collectable>
