<enemy>
    <x>150.000000000</x>
    <y>-300.000000000</y>
    <type>1</type>
    <size>41.000000000</size>
</enemy>
<collectable>
    <x>150.000000000</x>
    <y>-110.000000000</y>
    <type>1</type>
    <size>30.000000000</size>
</collectable>
<collectable>
    <x>150.000000000</x>
    <y>-140.000000000</y>
    <size>30.000000000</size>
</collectable>
<collectable>
    <x>150.000000000</x>
    <y>-170.000000000</y>
    <size>30.000000000</size>
</collectable>
<collectable>
    <x>150.000000000</x>
    <y>-200.000000000</y>
    <size>30.000000000</size>
</collectable>
<collectable>
    <x>150.000000000</x>
    <y>-230.000000000</y>
    <size>30.000000000</size>
</collectable>
<collectable>
    <x>120.000000000</x>
    <y>-110.000000000</y>
    <size>30.000000000</size>
</collectable>
<collectable>
    <x>120.000000000</x>
    <y>-140.000000000</y>
    <size>30.000000000</size>
</collectable>
<collectable>
    <x>120.000000000</x>
    <y>-170.000000000</y>
    <size>30.000000000</size>
</collectable>
<collectable>
    <x>120.000000000</x>
    <y>-200.000000000</y>
    <size>30.000000000</size>
</collectable>
<collectable>
    <x>120.000000000</x>
    <y>-230.000000000</y>
    <size>30.000000000</size>
</collectable>
