<collectable>
    <x>140.000000000</x>
    <y>-100.000000000</y>
    <type>1</type>
    <size>30.000000000</size>
</collectable>
<collectable>
    <x>140.000000000</x>
    <y>-130.000000000</y>
    <size>30.000000000</size>
</collectable>
<collectable>
    <x>140.000000000</x>
    <y>-170.000000000</y>
    <size>30.000000000</size>
</collectable>
<collectable>
    <x>140.000000000</x>
    <y>-160.000000000</y>
    <size>30.000000000</size>
</collectable>
<collectable>
    <x>140.000000000</x>
    <y>-200.000000000</y>
    <size>30.000000000</size>
</collectable>
<collectable>
    <x>140.000000000</x>
    <y>-240.000000000</y>
    <size>30.000000000</size>
</collectable>
<collectable>
    <x>140.000000000</x>
    <y>-230.000000000</y>
    <size>30.000000000</size>
</collectable>
<collectable>
    <x>140.000000000</x>
    <y>-270.000000000</y>
    <size>30.000000000</size>
</collectable>
<collectable>
    <x>140.000000000</x>
    <y>-300.000000000</y>
    <size>30.000000000</size>
</collectable>
<collectable>
    <x>110.000000000</x>
    <y>-300.000000000</y>
    <size>30.000000000</size>
</collectable>
<collectable>
    <x>80.000000000</x>
    <y>-300.000000000</y>
    <size>30.000000000</size>
</collectable>
<collectable>
    <x>50.000000000</x>
    <y>-300.000000000</y>
    <size>30.000000000</size>
</collectable>
<collectable>
    <x>170.000000000</x>
    <y>-300.000000000</y>
    <size>30.000000000</size>
</collectable>
<collectable>
    <x>200.000000000</x>
    <y>-300.000000000</y>
    <size>30.000000000</size>
</collectable>
<collectable>
    <x>230.000000000</x>
    <y>-300.000000000</y>
    <size>30.000000000</size>
</collectable>
