<enemy>
    <x>70.000000000</x>
    <y>-470.000000000</y>
    <type>1</type>
    <size>41.000000000</size>
</enemy>
<enemy>
    <x>250.000000000</x>
    <y>-470.000000000</y>
    <size>41.000000000</size>
</enemy>
<enemy>
    <x>140.000000000</x>
    <y>-280.000000000</y>
    <size>8.000000000</size>
</enemy>
<enemy>
    <x>180.000000000</x>
    <y>-280.000000000</y>
    <size>8.000000000</size>
</enemy>
<collectable>
    <x>0.000000000</x>
    <y>-360.000000000</y>
    <type>1</type>
    <size>41.000000000</size>
</collectable>
<collectable>
    <x>30.000000000</x>
    <y>-300.000000000</y>
    <size>41.000000000</size>
</collectable>
<collectable>
    <x>60.000000000</x>
    <y>-240.000000000</y>
    <size>41.000000000</size>
</collectable>
<collectable>
    <x>100.000000000</x>
    <y>-180.000000000</y>
    <size>41.000000000</size>
</collectable>
<collectable>
    <x>180.000000000</x>
    <y>-180.000000000</y>
    <size>41.000000000</size>
</collectable>
<collectable>
    <x>220.000000000</x>
    <y>-240.000000000</y>
    <size>41.000000000</size>
</collectable>
<collectable>
    <x>250.000000000</x>
    <y>-300.000000000</y>
    <size>41.000000000</size>
</collectable>
<collectable>
    <x>280.000000000</x>
    <y>-360.000000000</y>
    <size>41.000000000</size>
</collectable>
