<collectable>
    <x>40.000000000</x>
    <y>-180.000000000</y>
    <type>1</type>
    <size>40</size>
</collectable>
<collectable>
    <x>160.000000000</x>
    <y>-180.000000000</y>
    <size>40</size>
</collectable>
<collectable>
    <x>280.000000000</x>
    <y>-180.000000000</y>
    <size>40</size>
</collectable>
<collectable>
    <x>220.000000000</x>
    <y>-260.000000000</y>
    <size>40</size>
</collectable>
<collectable>
    <x>90.000000000</x>
    <y>-260.000000000</y>
    <size>40</size>
</collectable>
<collectable>
    <x>20.000000000</x>
    <y>-340.000000000</y>
    <size>40</size>
</collectable>
<collectable>
    <x>130.000000000</x>
    <y>-340.000000000</y>
    <size>40</size>
</collectable>
<collectable>
    <x>210.000000000</x>
    <y>-340.000000000</y>
    <size>40</size>
</collectable>
<collectable>
    <x>300.000000000</x>
    <y>-340.000000000</y>
    <size>40</size>
</collectable>
<enemy>
    <x>150.000000000</x>
    <y>-260.000000000</y>
    <type>1</type>
    <size>37</size>
</enemy>
<enemy>
    <x>290.000000000</x>
    <y>-260.000000000</y>
    <size>37</size>
</enemy>
<enemy>
    <x>220.000000000</x>
    <y>-180.000000000</y>
    <size>20</size>
</enemy>
<enemy>
    <x>100.000000000</x>
    <y>-180.000000000</y>
    <size>20</size>
</enemy>
