<enemy>
    <x>40.000000000</x>
    <y>-180.000000000</y>
    <type>1</type>
    <size>40.000000000</size>
</enemy>
<enemy>
    <x>280.000000000</x>
    <y>-180.000000000</y>
    <size>40.000000000</size>
</enemy>
<enemy>
    <x>280.000000000</x>
    <y>-390.000000000</y>
    <size>40.000000000</size>
</enemy>
<enemy>
    <x>40.000000000</x>
    <y>-390.000000000</y>
    <size>40.000000000</size>
</enemy>
<enemy>
    <x>160.000000000</x>
    <y>-650.000000000</y>
    <size>40.000000000</size>
</enemy>
<enemy>
    <x>280.000000000</x>
    <y>-900.000000000</y>
    <size>40.000000000</size>
</enemy>
<enemy>
    <x>40.000000000</x>
    <y>-900.000000000</y>
    <size>40.000000000</size>
</enemy>
<enemy>
    <x>40.000000000</x>
    <y>-1120.000000000</y>
    <size>40.000000000</size>
</enemy>
<enemy>
    <x>280.000000000</x>
    <y>-1120.000000000</y>
    <size>40.000000000</size>
</enemy>
<collectable>
    <x>140.000000000</x>
    <y>-310.000000000</y>
    <type>1</type>
    <size>40.000000000</size>
</collectable>
<collectable>
    <x>30.000000000</x>
    <y>-570.000000000</y>
    <size>40.000000000</size>
</collectable>
<collectable>
    <x>250.000000000</x>
    <y>-570.000000000</y>
    <size>40.000000000</size>
</collectable>
<collectable>
    <x>250.000000000</x>
    <y>-760.000000000</y>
    <size>40.000000000</size>
</collectable>
<collectable>
    <x>30.000000000</x>
    <y>-760.000000000</y>
    <size>40.000000000</size>
</collectable>
<collectable>
    <x>150.000000000</x>
    <y>-1030.000000000</y>
    <size>40.000000000</size>
</collectable>
