<enemy>
    <x>160.000000000</x>
    <y>-100.000000000</y>
    <type>1</type>
    <size>23.000000000</size>
</enemy>
<enemy>
    <x>20.000000000</x>
    <y>-230.000000000</y>
    <size>23.000000000</size>
</enemy>
<enemy>
    <x>240.000000000</x>
    <y>-290.000000000</y>
    <size>23.000000000</size>
</enemy>
<enemy>
    <x>300.000000000</x>
    <y>-420.000000000</y>
    <size>23.000000000</size>
</enemy>
<enemy>
    <x>20.000000000</x>
    <y>-420.000000000</y>
    <size>23.000000000</size>
</enemy>
<enemy>
    <x>140.000000000</x>
    <y>-500.000000000</y>
    <size>23.000000000</size>
</enemy>
<enemy>
    <x>290.000000000</x>
    <y>-570.000000000</y>
    <size>23.000000000</size>
</enemy>
<enemy>
    <x>60.000000000</x>
    <y>-670.000000000</y>
    <size>23.000000000</size>
</enemy>
<enemy>
    <x>230.000000000</x>
    <y>-730.000000000</y>
    <size>23.000000000</size>
</enemy>
<enemy>
    <x>80.000000000</x>
    <y>-320.000000000</y>
    <size>23.000000000</size>
</enemy>
<enemy>
    <x>80.000000000</x>
    <y>-330.000000000</y>
    <size>23.000000000</size>
</enemy>
<enemy>
    <x>130.000000000</x>
    <y>-890.000000000</y>
    <size>23.000000000</size>
</enemy>
<enemy>
    <x>30.000000000</x>
    <y>-790.000000000</y>
    <size>23.000000000</size>
</enemy>
<enemy>
    <x>30.000000000</x>
    <y>-1020.000000000</y>
    <size>23.000000000</size>
</enemy>
<enemy>
    <x>260.000000000</x>
    <y>-1040.000000000</y>
    <size>23.000000000</size>
</enemy>
<enemy>
    <x>300.000000000</x>
    <y>-1140.000000000</y>
    <size>23.000000000</size>
</enemy>
<enemy>
    <x>60.000000000</x>
    <y>-1140.000000000</y>
    <size>23.000000000</size>
</enemy>
<enemy>
    <x>100.000000000</x>
    <y>-990.000000000</y>
    <size>23.000000000</size>
</enemy>
<collectable>
    <x>250.000000000</x>
    <y>-200.000000000</y>
    <type>1</type>
    <size>23.000000000</size>
</collectable>
<collectable>
    <x>240.000000000</x>
    <y>-370.000000000</y>
    <size>23.000000000</size>
</collectable>
<collectable>
    <x>140.000000000</x>
    <y>-230.000000000</y>
    <size>23.000000000</size>
</collectable>
<collectable>
    <x>10.000000000</x>
    <y>-340.000000000</y>
    <size>23.000000000</size>
</collectable>
<collectable>
    <x>110.000000000</x>
    <y>-420.000000000</y>
    <size>23.000000000</size>
</collectable>
<collectable>
    <x>240.000000000</x>
    <y>-490.000000000</y>
    <size>23.000000000</size>
</collectable>
<collectable>
    <x>30.000000000</x>
    <y>-530.000000000</y>
    <size>23.000000000</size>
</collectable>
<collectable>
    <x>280.000000000</x>
    <y>-670.000000000</y>
    <size>23.000000000</size>
</collectable>
<collectable>
    <x>180.000000000</x>
    <y>-610.000000000</y>
    <size>23.000000000</size>
</collectable>
<collectable>
    <x>110.000000000</x>
    <y>-760.000000000</y>
    <size>23.000000000</size>
</collectable>
<collectable>
    <x>240.000000000</x>
    <y>-890.000000000</y>
    <size>23.000000000</size>
</collectable>
<collectable>
    <x>30.000000000</x>
    <y>-890.000000000</y>
    <size>23.000000000</size>
</collectable>
<collectable>
    <x>180.000000000</x>
    <y>-820.000000000</y>
    <size>23.000000000</size>
</collectable>
<collectable>
    <x>170.000000000</x>
    <y>-1030.000000000</y>
    <size>23.000000000</size>
</collectable>
<collectable>
    <x>170.000000000</x>
    <y>-1150.000000000</y>
    <size>23.000000000</size>
</collectable>
<collectable>
    <x>240.000000000</x>
    <y>-1150.000000000</y>
    <size>23.000000000</size>
</collectable>
<collectable>
    <x>100.000000000</x>
    <y>-1150.000000000</y>
    <size>23.000000000</size>
</collectable>
