<level>
    <name>New Level</name>
    <speed>1</speed>
</level>
<enemy>
    <x>50.000000000</x>
    <y>-50.000000000</y>
    <type>1</type>
    <size>40.000000000</size>
</enemy>
<enemy>
    <x>270.000000000</x>
    <y>-50.000000000</y>
    <size>40.000000000</size>
</enemy>
<enemy>
    <x>130.000000000</x>
    <y>-100.000000000</y>
    <size>40.000000000</size>
</enemy>
<enemy>
    <x>300.000000000</x>
    <y>-140.000000000</y>
    <size>40.000000000</size>
</enemy>
<enemy>
    <x>270.000000000</x>
    <y>-210.000000000</y>
    <size>30.000000000</size>
</enemy>
<enemy>
    <x>290.000000000</x>
    <y>-260.000000000</y>
    <size>20.000000000</size>
</enemy>
<enemy>
    <x>310.000000000</x>
    <y>-290.000000000</y>
    <size>10.000000000</size>
</enemy>
<enemy>
    <x>160.000000000</x>
    <y>-170.000000000</y>
    <size>30.000000000</size>
</enemy>
<enemy>
    <x>130.000000000</x>
    <y>-220.000000000</y>
    <size>20.000000000</size>
</enemy>
<enemy>
    <x>100.000000000</x>
    <y>-250.000000000</y>
    <size>10.000000000</size>
</enemy>
<enemy>
    <x>70.000000000</x>
    <y>-280.000000000</y>
    <size>10.000000000</size>
</enemy>
<enemy>
    <x>190.000000000</x>
    <y>-300.000000000</y>
    <size>10.000000000</size>
</enemy>
<enemy>
    <x>170.000000000</x>
    <y>-330.000000000</y>
    <size>20.000000000</size>
</enemy>
<enemy>
    <x>130.000000000</x>
    <y>-370.000000000</y>
    <size>30.000000000</size>
</enemy>
<enemy>
    <x>40.000000000</x>
    <y>-420.000000000</y>
    <size>30.000000000</size>
</enemy>
<enemy>
    <x>220.000000000</x>
    <y>-330.000000000</y>
    <size>20.000000000</size>
</enemy>
<enemy>
    <x>260.000000000</x>
    <y>-370.000000000</y>
    <size>30.000000000</size>
</enemy>
<enemy>
    <x>290.000000000</x>
    <y>-420.000000000</y>
    <size>20.000000000</size>
</enemy>
<enemy>
    <x>300.000000000</x>
    <y>-460.000000000</y>
    <size>10.000000000</size>
</enemy>
<enemy>
    <x>150.000000000</x>
    <y>-430.000000000</y>
    <size>20.000000000</size>
</enemy>
<enemy>
    <x>180.000000000</x>
    <y>-460.000000000</y>
    <size>10.000000000</size>
</enemy>
<enemy>
    <x>250.000000000</x>
    <y>-490.000000000</y>
    <size>10.000000000</size>
</enemy>
<enemy>
    <x>260.000000000</x>
    <y>-530.000000000</y>
    <size>20.000000000</size>
</enemy>
<enemy>
    <x>270.000000000</x>
    <y>-590.000000000</y>
    <size>30.000000000</size>
</enemy>
<enemy>
    <x>250.000000000</x>
    <y>-650.000000000</y>
    <size>30.000000000</size>
</enemy>
<enemy>
    <x>210.000000000</x>
    <y>-690.000000000</y>
    <size>20.000000000</size>
</enemy>
<enemy>
    <x>180.000000000</x>
    <y>-710.000000000</y>
    <size>10.000000000</size>
</enemy>
<enemy>
    <x>100.000000000</x>
    <y>-580.000000000</y>
    <size>10.000000000</size>
</enemy>
<enemy>
    <x>70.000000000</x>
    <y>-610.000000000</y>
    <size>20.000000000</size>
</enemy>
<enemy>
    <x>40.000000000</x>
    <y>-660.000000000</y>
    <size>30.000000000</size>
</enemy>
<enemy>
    <x>60.000000000</x>
    <y>-720.000000000</y>
    <size>30.000000000</size>
</enemy>
<enemy>
    <x>100.000000000</x>
    <y>-760.000000000</y>
    <size>20.000000000</size>
</enemy>
<enemy>
    <x>120.000000000</x>
    <y>-790.000000000</y>
    <size>10.000000000</size>
</enemy>
<collectable>
    <x>240.000000000</x>
    <y>-780.000000000</y>
    <type>1</type>
    <size>50.000000000</size>
</collectable>
<collectable>
    <x>240.000000000</x>
    <y>-860.000000000</y>
    <size>50.000000000</size>
</collectable>
<collectable>
    <x>10.000000000</x>
    <y>-810.000000000</y>
    <size>50.000000000</size>
</collectable>
<collectable>
    <x>10.000000000</x>
    <y>-890.000000000</y>
    <size>50.000000000</size>
</collectable>
<collectable>
    <x>10.000000000</x>
    <y>-570.000000000</y>
    <size>50.000000000</size>
</collectable>
<collectable>
    <x>10.000000000</x>
    <y>-510.000000000</y>
    <size>20.000000000</size>
</collectable>
<collectable>
    <x>40.000000000</x>
    <y>-510.000000000</y>
    <size>20.000000000</size>
</collectable>
<collectable>
    <x>10.000000000</x>
    <y>-480.000000000</y>
    <size>20.000000000</size>
</collectable>
<collectable>
    <x>210.000000000</x>
    <y>-480.000000000</y>
    <size>20.000000000</size>
</collectable>
<collectable>
    <x>130.000000000</x>
    <y>-740.000000000</y>
    <size>20.000000000</size>
</collectable>
<collectable>
    <x>50.000000000</x>
    <y>-200.000000000</y>
    <size>20.000000000</size>
</collectable>
