<enemy>
    <x>270.000000000</x>
    <y>-340.000000000</y>
    <size>42</size>
</enemy>
<collectable>
    <x>70.000000000</x>
    <y>-330.000000000</y>
    <size>73</size>
</collectable>
<collectable>
    <x>210.000000000</x>
    <y>-400.000000000</y>
    <size>49</size>
</collectable>
<collectable>
    <x>270.000000000</x>
    <y>-230.000000000</y>
    <size>43</size>
</collectable>
<collectable>
    <x>20.000000000</x>
    <y>-380.000000000</y>
    <size>32</size>
</collectable>
<collectable>
    <x>150.000000000</x>
    <y>-400.000000000</y>
    <size>32</size>
</collectable>
<collectable>
    <x>270.000000000</x>
    <y>-360.000000000</y>
    <size>42</size>
</collectable>
<enemy>
    <x>200.000000000</x>
    <y>-310.000000000</y>
    <size>39</size>
</enemy>
<collectable>
    <x>110.000000000</x>
    <y>-200.000000000</y>
    <size>27</size>
</collectable>
<collectable>
    <x>40.000000000</x>
    <y>-370.000000000</y>
    <size>60</size>
</collectable>
<collectable>
    <x>260.000000000</x>
    <y>-310.000000000</y>
    <size>43</size>
</collectable>
<collectable>
    <x>170.000000000</x>
    <y>-200.000000000</y>
    <size>36</size>
</collectable>
<collectable>
    <x>40.000000000</x>
    <y>-180.000000000</y>
    <size>56</size>
</collectable>
<enemy>
    <x>170.000000000</x>
    <y>-310.000000000</y>
    <size>46</size>
</enemy>
<enemy>
    <x>270.000000000</x>
    <y>-180.000000000</y>
    <size>25</size>
</enemy>
