<enemy>
    <x>160.000000000</x>
    <y>-200.000000000</y>
    <type>1</type>
    <size>40.000000000</size>
</enemy>
<enemy>
    <x>40.000000000</x>
    <y>-350.000000000</y>
    <size>40.000000000</size>
</enemy>
<enemy>
    <x>280.000000000</x>
    <y>-350.000000000</y>
    <size>40.000000000</size>
</enemy>
<enemy>
    <x>160.000000000</x>
    <y>-510.000000000</y>
    <size>40.000000000</size>
</enemy>
<enemy>
    <x>40.000000000</x>
    <y>-680.000000000</y>
    <size>40.000000000</size>
</enemy>
<enemy>
    <x>280.000000000</x>
    <y>-680.000000000</y>
    <size>40.000000000</size>
</enemy>
<collectable>
    <x>140.000000000</x>
    <y>-340.000000000</y>
    <type>1</type>
    <size>40.000000000</size>
</collectable>
<collectable>
    <x>140.000000000</x>
    <y>-650.000000000</y>
    <size>40.000000000</size>
</collectable>
